store_id,payment_method,revenue
1,Cash,13250.0
1,Debit Card,6199.5
1,UPI,5083.0
3,Cash,23633.333333333332
3,Credit Card,8550.0
3,Debit Card,33332.0
3,UPI,31800.0
7,Cash,5182.0
7,Credit Card,699.0
7,UPI,23135.6
23,Cash,3196.0
23,Credit Card,16363.714285714286
23,Debit Card,17450.0
23,UPI,22270.25
28,Cash,11900.0
28,Credit Card,17477.6
28,Debit Card,19500.0
28,UPI,3360.5
34,Cash,19406.2
34,Credit Card,11801.0
34,Debit Card,13600.0
34,UPI,2691.0
41,Cash,24000.0
41,Credit Card,19833.333333333332
41,Debit Card,3139.5
41,UPI,28333.333333333332
50,Cash,19085.714285714286
50,Credit Card,12992.333333333334
50,Debit Card,42250.0
50,UPI,37450.0
53,Cash,14485.714285714286
53,Credit Card,14878.4
53,Debit Card,22513.6
53,UPI,23800.0
55,Cash,32300.0
55,Debit Card,12233.333333333334
55,UPI,13600.0
59,Cash,8500.0
59,Credit Card,10462.0
59,Debit Card,18700.0
59,UPI,25025.14285714286
60,Cash,24650.0
60,Credit Card,9180.0
60,Debit Card,11350.0
60,UPI,4784.0
63,Cash,17050.0
63,Debit Card,4483.5
63,UPI,27200.0
67,Cash,25733.333333333332
67,Credit Card,17850.0
67,Debit Card,27222.0
67,UPI,8842.5
69,Cash,28050.0
69,Credit Card,43300.0
69,UPI,9350.0
70,Cash,21428.0
70,Credit Card,6673.333333333333
70,Debit Card,28900.0
70,UPI,32300.0
71,Cash,22414.285714285714
71,Credit Card,30600.0
71,Debit Card,2093.0
71,UPI,13529.333333333334
72,Cash,3504.0
72,Credit Card,22400.0
72,Debit Card,9171.75
72,UPI,1183.0
81,Cash,35000.0
81,Credit Card,14595.0
81,Debit Card,4348.0
82,Cash,8500.0
82,Credit Card,27150.0
82,Debit Card,16257.142857142857
82,UPI,15033.333333333334
84,Cash,17000.0
84,Credit Card,19776.428571428572
84,Debit Card,7650.0
84,UPI,22729.333333333332
87,Cash,8500.0
87,Credit Card,24914.285714285714
87,Debit Card,14274.75
87,UPI,6931.555555555556
90,Cash,20451.090909090908
90,Credit Card,4000.0
90,Debit Card,27200.0
90,UPI,6061.0
91,Cash,7966.166666666667
91,Credit Card,20158.4
91,Debit Card,9197.111111111111
91,UPI,18731.333333333332
92,Cash,8856.0
92,Credit Card,17850.0
92,UPI,13600.0
94,Cash,5100.0
94,Credit Card,15333.333333333334
94,Debit Card,27200.0
94,UPI,28900.0
96,Cash,17000.0
96,Credit Card,23364.333333333332
98,Cash,13088.0
98,Credit Card,26533.333333333332
98,UPI,17500.0
99,Cash,3032.6666666666665
99,Credit Card,19861.25
99,Debit Card,1495.0
104,Cash,20069.090909090908
104,Credit Card,18700.0
104,UPI,21481.666666666668
106,Cash,16149.777777777777
106,Credit Card,22950.0
106,Debit Card,13600.0
106,UPI,1700.0
107,Credit Card,19745.0
107,Debit Card,18342.0
107,UPI,9544.75
108,Cash,11050.0
108,Credit Card,5847.5
108,Debit Card,17266.88888888889
108,UPI,20400.0
110,Cash,52600.0
110,Credit Card,2704.0
110,UPI,13160.0
111,Cash,12688.888888888889
111,Debit Card,2794.0
111,UPI,15914.285714285714
112,Credit Card,8061.0
112,Debit Card,21533.333333333332
112,UPI,22837.8
113,Cash,6368.0
113,Credit Card,17417.5
113,Debit Card,2202.0
113,UPI,20400.0
118,Cash,6733.333333333333
118,Credit Card,10194.5
118,Debit Card,17164.0
118,UPI,15300.0
121,Credit Card,598.0
121,Debit Card,26000.0
121,UPI,8231.8
122,Cash,1546.5
122,Credit Card,7641.5
122,Debit Card,14134.8
123,Cash,7084.5
123,Credit Card,13600.0
123,Debit Card,26610.0
123,UPI,16400.0
124,Cash,52500.0
124,Credit Card,14166.666666666666
124,Debit Card,27200.0
124,UPI,25500.0
125,Cash,10218.0
125,Credit Card,12965.666666666666
125,Debit Card,15742.5
125,UPI,15750.0
126,Cash,5083.0
127,Cash,10460.0
127,Credit Card,15500.0
127,Debit Card,8040.0
127,UPI,2233.0
132,Cash,24575.0
132,Credit Card,15796.0
132,Debit Card,24064.333333333332
132,UPI,15350.0
134,Cash,27450.0
134,Credit Card,27430.571428571428
134,UPI,31300.0
135,Cash,13993.0
135,Credit Card,17366.333333333332
135,Debit Card,2329.3333333333335
135,UPI,27588.0
138,Cash,4186.0
138,Credit Card,11900.0
138,Debit Card,3400.0
138,UPI,21200.0
139,Cash,11050.0
139,Credit Card,18700.0
139,Debit Card,13600.0
139,UPI,1650.0
140,Cash,12300.0
140,Credit Card,11050.0
140,Debit Card,10200.0
140,UPI,23075.0
143,Cash,5592.0
143,Credit Card,19618.0
143,Debit Card,19674.5
143,UPI,13600.0
144,Cash,58500.0
144,Credit Card,11900.0
144,Debit Card,9570.0
144,UPI,26066.666666666668
145,Cash,12611.333333333334
145,Debit Card,10300.0
145,UPI,2691.0
147,Cash,24622.666666666668
147,Credit Card,15000.0
147,Debit Card,38633.333333333336
147,UPI,20412.0
148,Cash,2366.0
148,Credit Card,15623.666666666666
148,Debit Card,11210.75
148,UPI,2736.5
149,Cash,17475.0
149,Credit Card,15300.0
149,Debit Card,14791.5
149,UPI,8400.0
150,Cash,6473.2
150,Debit Card,21266.666666666668
150,UPI,11798.666666666666
151,Credit Card,13828.57142857143
151,Debit Card,13600.0
151,UPI,6000.0
154,Cash,30000.0
154,Credit Card,8559.0
154,Debit Card,12842.285714285714
154,UPI,14360.0
155,Cash,21080.0
155,Credit Card,17340.0
155,Debit Card,15150.0
155,UPI,20400.0
156,Debit Card,20408.75
156,UPI,12809.333333333334
160,Cash,3852.8
160,Credit Card,12750.0
160,Debit Card,12372.0
160,UPI,15223.0
161,Cash,21568.571428571428
161,Credit Card,13980.0
161,UPI,4586.571428571428
163,Cash,10200.0
163,UPI,10200.0
165,Cash,18432.571428571428
165,Credit Card,6800.0
165,Debit Card,15417.0
165,UPI,7131.25
170,Cash,9392.0
170,Credit Card,22100.0
170,Debit Card,19000.0
170,UPI,10313.25
177,Cash,25500.0
177,Debit Card,4837.0
177,UPI,18733.333333333332
178,Cash,19266.666666666668
178,Credit Card,4485.0
178,Debit Card,24650.0
178,UPI,19218.666666666668
180,Cash,23460.0
180,Credit Card,16816.363636363636
180,Debit Card,34000.0
180,UPI,27661.81818181818
181,Cash,30600.0
181,Credit Card,23914.4
181,Debit Card,42700.0
181,UPI,22100.0
183,Cash,18700.0
183,Credit Card,13600.0
183,Debit Card,9341.5
183,UPI,26800.0
186,Cash,9969.666666666666
186,Debit Card,15980.0
186,UPI,31408.0
188,Cash,60000.0
188,Credit Card,34110.0
188,Debit Card,1700.0
188,UPI,17846.88888888889
190,Cash,16683.333333333332
190,Credit Card,32300.0
190,Debit Card,48166.666666666664
190,UPI,24900.0
193,Cash,14198.0
193,Credit Card,29325.14285714286
193,UPI,3588.0
194,Cash,8500.0
194,Credit Card,31900.0
194,Debit Card,28900.0
195,Debit Card,2392.0
195,UPI,13600.0
196,Cash,23378.0
196,Credit Card,22031.666666666668
196,Debit Card,2392.0
197,Cash,29066.666666666668
197,Credit Card,32300.0
197,Debit Card,28900.0
197,UPI,13180.166666666666
199,Cash,26720.0
199,Credit Card,19541.5
199,Debit Card,3000.0
199,UPI,14420.57142857143
200,Cash,2966.0
200,Credit Card,1700.0
200,Debit Card,64000.0
200,UPI,19428.571428571428
201,Cash,11900.0
201,Credit Card,3986.0
201,Debit Card,44100.0
201,UPI,18000.0
202,Cash,9066.666666666666
202,Credit Card,25500.0
202,UPI,17575.0
205,Cash,3093.0
205,Credit Card,21420.0
205,Debit Card,30066.666666666668
205,UPI,5000.0
206,Cash,2691.0
206,Credit Card,11260.5
206,Debit Card,11900.0
207,Credit Card,11638.4
207,Debit Card,17841.5
207,UPI,17550.0
211,Cash,11867.5
211,Credit Card,30000.0
211,UPI,25999.8
214,Cash,45000.0
214,Credit Card,3400.0
214,Debit Card,13830.25
214,UPI,16449.0
216,Cash,18140.5
216,Credit Card,28775.6
216,Debit Card,27200.0
219,Cash,9339.0
219,Credit Card,4549.0
219,Debit Card,23800.0
221,Cash,8788.0
221,Credit Card,17814.285714285714
221,Debit Card,28571.363636363636
221,UPI,25628.571428571428
222,Cash,29182.666666666668
222,Credit Card,23350.0
222,Debit Card,22447.333333333332
222,UPI,4533.333333333333
223,Cash,32000.0
223,Credit Card,20500.0
223,Debit Card,27928.571428571428
223,UPI,13343.23076923077
224,Cash,18000.0
224,Credit Card,21873.75
224,Debit Card,9348.375
224,UPI,42000.0
227,Cash,26066.666666666668
227,Credit Card,3400.0
227,Debit Card,12692.8
229,Cash,10089.0
229,Credit Card,15965.0
229,Debit Card,24450.0
229,UPI,1700.0
230,Cash,6250.0
230,Debit Card,17000.0
238,Cash,5950.0
238,Credit Card,2093.0
238,Debit Card,23800.0
238,UPI,32300.0
243,Cash,27200.0
243,Credit Card,36076.0
243,Debit Card,5642.5
243,UPI,42680.0
246,Cash,18700.0
246,Credit Card,9621.142857142857
246,Debit Card,10494.666666666666
250,Credit Card,10200.0
250,Debit Card,17224.333333333332
250,UPI,38400.0
251,Cash,21250.0
251,Credit Card,2535.0
251,Debit Card,10250.0
251,UPI,15300.0
252,Cash,20000.0
252,Credit Card,9600.0
252,Debit Card,17924.5
252,UPI,16952.75
255,Credit Card,18014.25
255,Debit Card,30861.555555555555
258,Cash,12491.0
258,Credit Card,1497.0
258,UPI,11900.0
259,Cash,8442.857142857143
259,Credit Card,28050.0
259,Debit Card,8865.333333333334
259,UPI,6800.0
266,Cash,15000.0
266,Credit Card,30600.0
266,Debit Card,20633.333333333332
266,UPI,12098.5
268,Cash,5100.0
268,Debit Card,2197.0
268,UPI,6800.0
272,Cash,6943.5
272,Credit Card,7498.333333333333
272,UPI,34000.0
274,Cash,699.0
274,Credit Card,16360.363636363636
274,Debit Card,46000.0
274,UPI,11010.0
279,Cash,44828.333333333336
279,Credit Card,10200.0
279,Debit Card,2080.0
279,UPI,17113.6
281,Cash,27200.0
281,Credit Card,5060.0
281,Debit Card,19666.0
282,Cash,18990.5
282,Credit Card,6590.0
282,Debit Card,1521.0
283,Cash,19893.333333333332
283,Credit Card,17015.666666666668
283,Debit Card,21350.0
283,UPI,13844.333333333334
284,Cash,40333.333333333336
284,Credit Card,3992.5
284,Debit Card,15414.3125
284,UPI,22874.25
285,Cash,23550.0
285,Credit Card,18350.0
285,UPI,22621.5
286,Cash,36266.666666666664
286,Credit Card,12526.0
286,Debit Card,24294.0
286,UPI,14260.666666666666
289,Cash,22600.0
289,Credit Card,25500.0
289,Debit Card,5100.0
289,UPI,10129.5
291,Cash,31211.5
291,Credit Card,20400.0
291,UPI,9753.2
292,Cash,14191.5
292,Credit Card,17000.0
292,Debit Card,18700.0
292,UPI,3986.6666666666665
294,Cash,30025.0
294,Credit Card,39250.0
294,Debit Card,11823.5
298,Cash,14778.333333333334
298,Debit Card,10200.0
298,UPI,10200.0
299,Cash,27500.0
299,Credit Card,17378.0
299,Debit Card,35809.333333333336
299,UPI,12000.0
300,Cash,11326.666666666666
300,Credit Card,41933.333333333336
300,Debit Card,30600.0
300,UPI,14956.4
310,Cash,10795.333333333334
310,Credit Card,9639.6
310,Debit Card,14810.0
310,UPI,13600.0
314,Cash,7965.333333333333
314,Credit Card,4565.0
314,Debit Card,34348.5
314,UPI,19774.8
320,Credit Card,6865.333333333333
320,Debit Card,14848.5
328,Cash,11900.0
328,Credit Card,16060.5
328,Debit Card,26350.0
328,UPI,15000.0
332,Credit Card,3887.0
332,Debit Card,22640.0
332,UPI,5100.0
333,Cash,18700.0
333,Debit Card,18700.0
333,UPI,9176.2
336,Cash,12064.0
336,Credit Card,35000.0
336,Debit Card,8000.0
336,UPI,34600.0
338,Cash,9819.666666666666
338,Credit Card,6333.0
338,Debit Card,28100.0
338,UPI,19815.714285714286
339,Cash,12278.933333333332
339,Credit Card,59000.0
339,Debit Card,53600.0
339,UPI,12298.666666666666
341,Credit Card,4045.0
341,Debit Card,13268.57142857143
341,UPI,23852.5
342,Cash,4784.0
342,Credit Card,29514.285714285714
342,Debit Card,20400.0
342,UPI,5085.333333333333
344,Credit Card,17000.0
344,Debit Card,14148.666666666666
346,Cash,14927.272727272728
346,Credit Card,13521.0
346,Debit Card,26425.75
346,UPI,13829.666666666666
348,Cash,28581.272727272728
348,Credit Card,25171.428571428572
348,Debit Card,39950.0
348,UPI,22497.5
351,Cash,27288.88888888889
351,Credit Card,16827.555555555555
351,Debit Card,24650.0
351,UPI,17000.0
353,Credit Card,9819.5
353,Debit Card,15300.0
353,UPI,5264.0
355,Cash,10670.857142857143
355,Credit Card,30600.0
355,Debit Card,3400.0
355,UPI,36797.0
359,Cash,17429.11111111111
359,Credit Card,1196.0
359,Debit Card,25500.0
359,UPI,13298.0
360,Cash,22933.333333333332
360,Credit Card,3400.0
360,Debit Card,7936.333333333333
360,UPI,21428.571428571428
361,Cash,4571.4
361,Credit Card,20400.0
361,Debit Card,15640.0
361,UPI,22639.333333333332
364,Cash,25633.333333333332
364,Credit Card,16555.0
364,Debit Card,12466.666666666666
364,UPI,28633.333333333332
368,Cash,25500.0
368,Credit Card,15650.0
368,Debit Card,36350.0
368,UPI,4953.428571428572
380,Cash,5100.0
380,Credit Card,12298.666666666666
380,Debit Card,11528.5
381,Credit Card,11695.6
381,Debit Card,26350.0
383,Cash,84000.0
383,Credit Card,14500.0
383,Debit Card,12466.666666666666
383,UPI,53550.0
384,Cash,4600.0
384,Credit Card,19665.333333333332
384,UPI,17000.0
389,Cash,26577.833333333332
389,Credit Card,4784.0
389,Debit Card,22500.0
389,UPI,10200.0
391,Cash,23800.0
391,Credit Card,16790.666666666668
392,Credit Card,10388.0
392,Debit Card,23400.0
392,UPI,9040.0
397,Credit Card,29398.0
397,UPI,9633.333333333334
400,Cash,18000.0
400,Credit Card,14015.2
400,Debit Card,12750.0
400,UPI,16300.0
404,Cash,28485.0
404,Credit Card,20487.666666666668
404,Debit Card,25500.0
404,UPI,4037.0
406,Cash,22100.0
406,Credit Card,17400.0
406,Debit Card,9429.5
406,UPI,6800.0
408,Cash,29942.85714285714
408,Credit Card,28096.0
408,Debit Card,3160.0
409,Cash,14796.0
409,Credit Card,6303.555555555556
409,UPI,21990.0
413,Cash,13516.8
413,Credit Card,31300.0
413,Debit Card,23233.333333333332
413,UPI,14465.666666666666
418,Credit Card,41466.0
418,Debit Card,12750.0
423,Cash,9074.0
423,Debit Card,23800.0
423,UPI,5100.0
424,Cash,33455.555555555555
424,Credit Card,7850.0
424,Debit Card,11014.8
424,UPI,11729.333333333334
425,Credit Card,28086.666666666668
425,Debit Card,32000.0
425,UPI,16123.0
428,Cash,20533.333333333332
428,Credit Card,31733.333333333332
428,UPI,900.0
429,Cash,2413.6666666666665
429,Credit Card,7898.5
429,Debit Card,3942.5
429,UPI,33850.0
431,Cash,22233.333333333332
431,Credit Card,366.0
431,Debit Card,13440.0
431,UPI,22100.0
432,Credit Card,8464.666666666666
432,Debit Card,15583.166666666666
432,UPI,20966.666666666668
434,Cash,17741.333333333332
434,Credit Card,30625.0
434,Debit Card,37500.0
435,Cash,6818.444444444444
435,Debit Card,32300.0
435,UPI,18625.0
440,Cash,16333.0
440,Credit Card,31733.333333333332
440,Debit Card,17000.0
440,UPI,15300.0
442,Cash,18876.4
442,Credit Card,23200.0
442,Debit Card,19270.0
442,UPI,26000.0
444,Cash,20100.0
444,Debit Card,6338.0
444,UPI,11478.8
445,Cash,29466.666666666668
445,Credit Card,6296.0
445,Debit Card,22100.0
445,UPI,28900.0
447,Cash,5941.5
447,Debit Card,6800.0
447,UPI,5100.0
452,Cash,23220.0
452,Credit Card,13600.0
452,Debit Card,6618.333333333333
452,UPI,14015.666666666666
453,Cash,4194.0
453,Credit Card,12063.09090909091
453,Debit Card,19944.0
453,UPI,7791.0
456,Cash,85000.0
456,Credit Card,14560.0
456,Debit Card,12291.8
456,UPI,5354.2
457,Cash,30532.666666666668
457,Credit Card,17000.0
457,Debit Card,4250.0
457,UPI,1352.0
464,Cash,32933.333333333336
464,Credit Card,9381.666666666666
464,Debit Card,15300.0
464,UPI,3400.0
465,Credit Card,2691.0
465,Debit Card,8599.0
465,UPI,96000.0
467,Cash,18700.0
467,Credit Card,27200.0
467,Debit Card,15705.333333333334
467,UPI,7650.0
468,Cash,48000.0
468,Credit Card,598.0
468,Debit Card,27750.0
468,UPI,32300.0
473,Cash,16612.0
473,Credit Card,12740.0
473,Debit Card,9913.714285714286
473,UPI,27200.0
474,Cash,48000.0
474,Credit Card,11498.5
474,Debit Card,23432.333333333332
474,UPI,22100.0
482,Cash,22261.333333333332
482,Credit Card,15300.0
482,Debit Card,39000.0
482,UPI,11947.0
486,Cash,17290.5
486,Credit Card,28793.333333333332
486,Debit Card,17680.923076923078
487,Cash,4149.833333333333
487,Credit Card,21118.4
487,Debit Card,14525.272727272728
487,UPI,32500.0
491,Cash,338.0
491,Credit Card,11194.0
491,Debit Card,85000.0
491,UPI,10063.333333333334
494,Cash,8550.0
494,Credit Card,15136.0
494,Debit Card,43000.0
494,UPI,14044.857142857143
496,Cash,30600.0
496,Credit Card,26350.0
496,Debit Card,7064.666666666667
496,UPI,14420.0
505,Cash,32400.0
505,Credit Card,13003.75
505,UPI,18875.0
506,Cash,9519.0
506,Credit Card,17258.4
506,Debit Card,30260.0
506,UPI,8500.0
508,Cash,16150.0
508,Credit Card,21394.85714285714
508,Debit Card,64910.28571428572
508,UPI,17000.0
510,Cash,249.0
510,Credit Card,10775.5
510,Debit Card,36074.75
510,UPI,6000.0
511,Cash,3961.0
511,Credit Card,4940.0
511,Debit Card,14897.0
512,Cash,27392.0
512,Credit Card,6222.0
512,Debit Card,8356.333333333334
513,Cash,33000.0
513,Credit Card,22566.666666666668
513,Debit Card,13165.666666666666
513,UPI,28900.0
515,Cash,16330.25
515,Credit Card,24000.0
515,UPI,12562.0
519,Credit Card,12000.0
519,Debit Card,32925.0
520,Cash,17000.0
520,Credit Card,1487.6666666666667
520,Debit Card,16500.0
520,UPI,15609.333333333334
574,Cash,3011.0
574,Credit Card,15300.0
574,Debit Card,30000.0
574,UPI,12000.0
576,Cash,6763.5
576,Credit Card,8547.0
576,Debit Card,3657.75
576,UPI,8649.5
578,Cash,8095.666666666667
578,Credit Card,13708.0
578,UPI,19125.0
590,Cash,21000.0
590,Credit Card,23800.0
590,Debit Card,31000.0
590,UPI,23050.0
596,Cash,11947.5
596,Debit Card,34950.0
596,UPI,54350.0
597,Cash,15300.0
597,Credit Card,21128.571428571428
597,Debit Card,37200.0
597,UPI,13900.0
599,Cash,17000.0
599,Debit Card,7267.5
599,UPI,28900.0
600,Cash,10200.0
600,Credit Card,23940.0
600,Debit Card,1794.0
600,UPI,10031.0
601,Cash,25500.0
601,Credit Card,14853.8
601,Debit Card,30000.0
602,Cash,25790.666666666668
602,Credit Card,8500.0
602,Debit Card,26540.0
602,UPI,25500.0
604,Cash,43333.333333333336
604,Credit Card,8718.25
604,UPI,10766.666666666666
607,Cash,8500.0
607,Credit Card,30600.0
607,Debit Card,17677.666666666668
607,UPI,16468.0
609,Credit Card,15733.333333333334
609,Debit Card,30840.0
609,UPI,13976.857142857143
613,Credit Card,20400.0
613,Debit Card,4500.0
613,UPI,1700.0
615,Cash,36250.0
615,Credit Card,17426.666666666668
615,Debit Card,24650.0
615,UPI,10042.0
617,Cash,24850.0
617,Credit Card,16918.0
617,Debit Card,15638.0
617,UPI,15300.0
620,Cash,12233.333333333334
620,Credit Card,2093.0
620,Debit Card,16626.6
620,UPI,15766.666666666666
629,Cash,34133.333333333336
629,Credit Card,18542.0
629,Debit Card,16150.0
629,UPI,14450.0
638,Cash,10000.0
638,Credit Card,24400.0
638,Debit Card,34000.0
638,UPI,14226.333333333334
662,Cash,24966.666666666668
662,Credit Card,9559.333333333334
662,Debit Card,20400.0
662,UPI,9350.0
664,Cash,3809.0
664,Debit Card,31349.25
664,UPI,22400.0
671,Cash,4341.5
671,Credit Card,13600.0
671,Debit Card,65000.0
671,UPI,16317.333333333334
676,Cash,10194.333333333334
676,Credit Card,19600.0
676,Debit Card,8192.5
676,UPI,25457.14285714286
677,Cash,11195.2
677,Credit Card,12214.333333333334
677,Debit Card,13565.666666666666
677,UPI,13588.666666666666
680,Cash,18463.090909090908
680,Credit Card,29900.0
680,Debit Card,13282.5
680,UPI,18700.0
683,Cash,3396.0
683,Credit Card,47666.666666666664
683,Debit Card,58066.666666666664
683,UPI,22100.0
684,Cash,17493.88888888889
684,Credit Card,15300.0
684,Debit Card,7898.5
684,UPI,7773.0
685,Cash,32300.0
685,Credit Card,26350.0
685,UPI,22063.666666666668
687,Cash,15300.0
687,Credit Card,16254.666666666666
687,Debit Card,16883.5
687,UPI,7965.333333333333
691,Cash,9566.666666666666
691,Credit Card,26000.0
691,Debit Card,12124.25
691,UPI,38250.0
694,Cash,32300.0
694,Credit Card,13600.0
694,Debit Card,6950.0
694,UPI,14975.0
697,Cash,26150.0
697,Credit Card,31900.0
697,Debit Card,12563.0
697,UPI,11715.6
698,Cash,56000.0
698,Credit Card,21505.0
698,Debit Card,28900.0
698,UPI,19374.727272727272
701,Cash,25717.5
701,Credit Card,15807.0
701,Debit Card,19050.0
701,UPI,32000.0
704,Credit Card,17603.333333333332
704,Debit Card,4800.0
704,UPI,30600.0
705,Cash,15192.0
705,Debit Card,21170.0
705,UPI,41720.0
706,Cash,13495.0
706,Credit Card,29935.14285714286
706,Debit Card,18333.333333333332
706,UPI,20733.333333333332
707,Cash,15300.0
707,Credit Card,15036.5
707,Debit Card,13067.0
707,UPI,9350.0
713,Cash,23800.0
713,Credit Card,13423.333333333334
713,Debit Card,32960.88888888889
713,UPI,8500.0
715,Cash,16657.0
715,Debit Card,10200.0
715,UPI,4250.0
717,Cash,27341.0
717,Credit Card,5100.0
717,Debit Card,7547.5
717,UPI,31500.0
718,Debit Card,17527.5
718,UPI,38136.8
719,Cash,9199.142857142857
719,Credit Card,12273.846153846154
719,Debit Card,20690.0
720,Cash,7563.0
720,Credit Card,16320.0
720,Debit Card,22600.0
723,Cash,34000.0
723,Debit Card,18947.0
723,UPI,18000.0
724,Cash,7695.75
724,Credit Card,18789.0
724,Debit Card,8704.0
724,UPI,28500.0
727,Cash,20242.5
727,Credit Card,18387.0
727,Debit Card,8297.333333333334
727,UPI,14440.0
728,Cash,16500.0
728,Credit Card,15268.666666666666
728,Debit Card,12647.5
728,UPI,3649.5
730,Cash,18235.0
730,Credit Card,28903.0
730,Debit Card,24480.0
730,UPI,28900.0
731,Cash,3653.5
731,Credit Card,22428.666666666668
731,Debit Card,9975.25
732,Cash,24150.8
732,Credit Card,34866.0
732,Debit Card,14066.285714285714
732,UPI,9700.0
735,Credit Card,17303.666666666668
735,Debit Card,3446.0
735,UPI,13550.0
736,Cash,27164.0
736,UPI,13121.333333333334
739,Cash,18700.0
739,Credit Card,20400.0
739,UPI,9799.333333333334
741,Credit Card,25060.0
741,Debit Card,9850.0
741,UPI,14698.5
742,Cash,1700.0
742,Credit Card,17841.5
742,Debit Card,3299.3333333333335
742,UPI,12099.666666666666
743,Cash,16962.0
743,Credit Card,45732.0
743,Debit Card,38440.0
744,Credit Card,20255.5
744,Debit Card,24464.0
744,UPI,20825.14285714286
746,Cash,5950.0
746,Credit Card,34907.4
746,Debit Card,17000.0
746,UPI,3796.4
749,Cash,12968.25
749,Credit Card,16150.0
749,Debit Card,18506.5
749,UPI,27200.0
752,Cash,16240.0
752,Credit Card,32300.0
752,Debit Card,34500.0
752,UPI,18700.0
754,Credit Card,17950.0
754,Debit Card,34000.0
754,UPI,31450.0
758,Cash,3588.0
758,Credit Card,44299.333333333336
758,Debit Card,26990.0
759,Cash,1790.0
759,Credit Card,9375.0
759,Debit Card,27200.0
759,UPI,14200.0
762,Cash,3400.0
762,Credit Card,4200.0
762,Debit Card,33000.0
762,UPI,26350.0
777,Credit Card,6000.0
777,Debit Card,2392.0
777,UPI,10500.0
779,Cash,6000.0
779,Credit Card,4396.0
779,Debit Card,15666.666666666666
779,UPI,33125.0
782,Cash,34000.0
782,Credit Card,9350.0
782,Debit Card,22125.0
782,UPI,1700.0
784,Cash,75000.0
784,Credit Card,10200.0
784,Debit Card,32300.0
784,UPI,7340.111111111111
785,Cash,10336.333333333334
785,Credit Card,349.0
785,Debit Card,6743.5
785,UPI,25500.0
786,Cash,10740.0
786,Credit Card,3400.0
786,UPI,23800.0
787,Cash,5100.0
787,Credit Card,10500.0
787,Debit Card,34000.0
787,UPI,22160.0
788,Cash,20348.25
788,Credit Card,9350.0
788,Debit Card,3984.0
788,UPI,5100.0
789,Cash,22100.0
789,Credit Card,18700.0
789,Debit Card,30515.5
789,UPI,994.5
791,Cash,11900.0
791,Credit Card,22920.0
791,Debit Card,897.0
791,UPI,5100.0
796,Credit Card,9633.333333333334
796,Debit Card,28533.333333333332
797,Cash,17564.0
797,Credit Card,2704.0
797,Debit Card,32300.0
797,UPI,20400.0
803,Cash,29387.5
803,Debit Card,3400.0
803,UPI,17245.5
804,Cash,5681.0
804,Credit Card,14646.5
804,Debit Card,15428.0
804,UPI,20294.666666666668
805,Cash,9446.25
805,Credit Card,30600.0
805,UPI,37988.88888888889
808,Cash,30259.6
808,Credit Card,29300.0
808,Debit Card,24675.0
808,UPI,3507.0
811,Cash,15766.5
811,Credit Card,6800.0
811,Debit Card,22100.0
811,UPI,22595.25
813,Cash,13326.0
813,Credit Card,14022.5
813,Debit Card,21110.0
813,UPI,63600.0
816,Cash,11668.0
816,Credit Card,9807.0
816,Debit Card,5345.0
816,UPI,22100.0
817,Credit Card,22525.0
817,Debit Card,12381.0
817,UPI,42833.333333333336
818,Cash,16233.333333333334
818,Credit Card,45500.0
818,Debit Card,24000.0
818,UPI,1526.0
819,Cash,16357.142857142857
819,Credit Card,19400.0
819,Debit Card,3195.4
819,UPI,6998.2
820,Cash,3196.0
820,Credit Card,12246.0
820,Debit Card,14496.8
820,UPI,10500.0
824,Cash,13292.5
824,Credit Card,24000.0
824,Debit Card,3749.0
824,UPI,20400.0
828,Cash,16031.0
828,UPI,12480.0
829,Cash,13400.0
829,Credit Card,21661.0
829,Debit Card,70000.0
829,UPI,23120.0
832,Cash,59500.0
832,Credit Card,24000.0
832,Debit Card,38000.0
832,UPI,18700.0
835,Cash,9495.0
835,Credit Card,19550.0
835,Debit Card,8500.0
835,UPI,14955.25
837,Cash,72000.0
837,Credit Card,1014.0
837,UPI,25500.0
839,Cash,15676.0
839,Credit Card,25300.0
839,Debit Card,34903.0
839,UPI,11900.0
841,Cash,11900.0
841,Credit Card,38000.0
841,Debit Card,14442.857142857143
841,UPI,20400.0
854,Cash,11900.0
854,Credit Card,18139.0
854,Debit Card,8598.0
854,UPI,2548.5
861,Cash,11472.5
861,Credit Card,27571.428571428572
861,Debit Card,5083.0
861,UPI,14525.857142857143
863,Cash,8500.0
863,Debit Card,26000.0
865,Cash,21420.0
865,Credit Card,21308.666666666668
865,Debit Card,8771.5
865,UPI,28900.0
866,Cash,18760.0
866,Credit Card,30230.666666666668
866,Debit Card,1859.0
866,UPI,17325.0
867,Cash,20400.0
867,Credit Card,19279.2
867,Debit Card,1396.0
867,UPI,30000.0
868,Cash,15277.8
868,Credit Card,14450.0
868,Debit Card,9996.0
868,UPI,14728.333333333334
869,Cash,25866.666666666668
869,Credit Card,10840.5
869,Debit Card,15838.833333333334
869,UPI,11387.0
871,Cash,9520.0
871,Credit Card,31788.88888888889
871,Debit Card,4250.0
871,UPI,13600.0
876,Cash,27685.714285714286
876,Credit Card,15700.0
876,Debit Card,4297.0
877,Cash,13600.0
877,Credit Card,24000.0
877,Debit Card,1599.0
877,UPI,20037.2
878,Cash,2195.5
878,Debit Card,14728.0
878,UPI,27200.0
879,Cash,8198.75
879,Credit Card,1700.0
879,Debit Card,21250.0
879,UPI,770.0
884,Credit Card,18038.2
884,Debit Card,13694.0
884,UPI,21594.0
889,Cash,17000.0
889,Credit Card,3400.0
889,Debit Card,21666.666666666668
890,Cash,19747.5
890,Debit Card,35563.333333333336
890,UPI,16679.5
893,Cash,2899.6666666666665
893,Credit Card,22892.0
893,Debit Card,100000.0
893,UPI,17000.0
894,Cash,20400.0
894,Credit Card,37150.0
894,Debit Card,22470.4
894,UPI,10540.0
895,Cash,35000.0
895,Credit Card,17100.0
895,Debit Card,20280.666666666668
895,UPI,19968.571428571428
897,Cash,6165.0
897,Credit Card,28356.4
897,Debit Card,1800.0
897,UPI,31111.0
898,Cash,23120.0
898,Credit Card,2561.5
898,Debit Card,31971.428571428572
898,UPI,32300.0
900,Cash,22100.0
900,Credit Card,7949.0
900,UPI,18700.0
902,Cash,17329.0
902,Credit Card,17500.0
902,Debit Card,18950.0
902,UPI,10600.0
903,Cash,12742.5
903,Credit Card,7666.666666666667
903,Debit Card,31500.0
903,UPI,17000.0
905,Cash,22865.0
905,Credit Card,10320.0
905,UPI,13871.0
907,Cash,30600.0
907,Credit Card,27642.85714285714
907,Debit Card,1560.0
907,UPI,28300.0
908,Cash,7738.0
908,Credit Card,22000.0
908,Debit Card,8625.333333333334
912,Cash,28900.0
912,Credit Card,25750.0
912,Debit Card,12470.25
912,UPI,40760.0
913,Cash,24182.0
913,Credit Card,2644.0
913,Debit Card,18000.0
913,UPI,25570.75
919,Cash,1650.0
919,Credit Card,37000.0
919,Debit Card,8197.0
919,UPI,22800.0
925,Cash,6800.0
925,Credit Card,65000.0
925,Debit Card,33200.0
926,Cash,15011.0
926,Debit Card,24650.0
926,UPI,15181.0
928,Cash,14166.666666666666
928,Credit Card,13600.0
928,Debit Card,41250.0
929,Cash,12300.0
929,Credit Card,2000.0
929,UPI,16197.0
930,Credit Card,34000.0
930,Debit Card,17616.0
930,UPI,25133.333333333332
931,Cash,16347.0
931,Credit Card,3529.5
931,Debit Card,20100.0
931,UPI,18500.0
932,Cash,27766.666666666668
932,Credit Card,5100.0
932,Debit Card,17850.0
932,UPI,2691.0
933,Cash,5118.8
933,Credit Card,11876.6
933,UPI,5083.0
935,Cash,11800.0
935,Credit Card,169.0
935,Debit Card,13345.5
935,UPI,18825.0
936,Credit Card,13033.333333333334
936,Debit Card,10466.666666666666
936,UPI,7066.0
937,Cash,18318.125
937,UPI,7461.555555555556
938,Cash,16734.75
938,Credit Card,10485.0
938,UPI,1700.0
940,Cash,28050.0
940,Credit Card,7380.666666666667
940,UPI,12392.0
943,Cash,7736.5
943,Credit Card,14400.0
945,UPI,22100.0
946,Cash,10200.0
946,Credit Card,19537.14285714286
946,Debit Card,5083.0
946,UPI,18130.5
948,Credit Card,12864.75
948,Debit Card,32033.333333333332
948,UPI,12316.5
950,Cash,1014.0
950,Credit Card,32150.0
950,Debit Card,17850.0
950,UPI,7646.6
953,Cash,26650.0
953,Debit Card,37346.666666666664
954,Cash,27650.0
954,Credit Card,23964.0
954,UPI,13320.0
955,Cash,2651.5
955,UPI,13618.666666666666
958,Cash,8870.0
958,Credit Card,39750.0
958,UPI,4485.0
962,Cash,28900.0
962,Credit Card,23800.0
962,UPI,25566.333333333332
963,Cash,16598.333333333332
963,Credit Card,22100.0
963,Debit Card,11543.0
963,UPI,10641.666666666666
966,Credit Card,3400.0
966,Debit Card,14646.5
966,UPI,19203.666666666668
967,Cash,19748.571428571428
967,Credit Card,22100.0
967,Debit Card,21250.0
967,UPI,39950.0
968,Credit Card,10200.0
968,Debit Card,22400.0
968,UPI,5980.0
971,Cash,33328.57142857143
971,Credit Card,3700.0
971,Debit Card,20400.0
975,Cash,29880.0
975,Credit Card,16341.714285714286
975,Debit Card,9710.0
975,UPI,30000.0
977,Cash,598.0
977,Credit Card,13033.333333333334
977,Debit Card,26766.666666666668
977,UPI,24333.333333333332
978,Cash,17000.0
978,Debit Card,18342.85714285714
978,UPI,16450.0
980,Cash,28900.0
980,Credit Card,14917.2
980,Debit Card,19966.5
980,UPI,30600.0
981,Cash,24366.666666666668
981,Credit Card,23800.0
981,UPI,22950.0
982,Cash,18800.0
982,Credit Card,12466.666666666666
982,UPI,18700.0
983,Cash,25500.0
983,Credit Card,9364.666666666666
983,Debit Card,3632.4
983,UPI,19700.0
985,Cash,26247.25
985,Credit Card,16156.166666666666
985,Debit Card,22100.0
985,UPI,660.0
986,Cash,20541.5
986,Credit Card,12000.0
986,Debit Card,28952.5
986,UPI,18133.333333333332
991,Cash,17944.0
991,Credit Card,13600.0
991,Debit Card,8500.0
992,Credit Card,16179.0
992,Debit Card,17333.333333333332
992,UPI,27766.666666666668
993,Cash,18650.0
993,Debit Card,20396.666666666668
993,UPI,18850.0
994,Cash,30600.0
995,Cash,15119.111111111111
995,Credit Card,330.0
995,Debit Card,11122.555555555555
995,UPI,28400.0
996,Debit Card,22100.0
996,UPI,15802.666666666666
1000,Cash,1314.0
1000,Credit Card,11428.0
1000,UPI,3722.5
1001,Cash,2873.0
1001,Credit Card,4466.0
1001,Debit Card,15740.0
1005,Cash,7697.0
1005,Credit Card,12830.4
1005,Debit Card,17629.81818181818
1005,UPI,10726.222222222223
1010,Cash,5674.5
1010,Credit Card,17692.5
1010,Debit Card,2122.5
1010,UPI,22600.0
1011,Credit Card,17464.571428571428
1011,Debit Card,20114.285714285714
1011,UPI,1794.0
1012,Cash,3400.0
1012,Debit Card,7857.6
1012,UPI,41800.0
1015,Cash,31666.666666666668
1015,Credit Card,17007.0
1015,Debit Card,22392.0
1015,UPI,24220.0
1016,Cash,43920.0
1016,Credit Card,14520.5
1016,Debit Card,8500.0
1016,UPI,16433.333333333332
1019,Cash,5100.0
1019,Credit Card,35000.0
1019,Debit Card,19950.0
1019,UPI,13788.0
1021,Cash,28000.0
1021,Credit Card,20254.85714285714
1021,Debit Card,15282.0
1021,UPI,27428.46153846154
1023,Cash,28000.0
1023,Credit Card,15996.0
1023,Debit Card,14757.0
1023,UPI,16349.0
1024,Cash,8500.0
1024,Credit Card,19500.0
1024,Debit Card,4784.0
1024,UPI,9298.0
1025,Cash,18700.0
1025,Credit Card,60350.0
1025,Debit Card,14176.727272727272
1025,UPI,10400.0
1026,Cash,22048.333333333332
1026,Debit Card,25500.0
1026,UPI,32966.666666666664
1028,Cash,33447.0
1028,Credit Card,27640.0
1028,Debit Card,25000.0
1028,UPI,1183.0
1030,Cash,27540.0
1030,Credit Card,9233.333333333334
1030,Debit Card,20261.333333333332
1030,UPI,23720.0
1033,Cash,13600.0
1033,Credit Card,19266.666666666668
1033,Debit Card,20900.0
1033,UPI,21542.85714285714
1034,Cash,17235.0
1034,Credit Card,13845.0
1034,Debit Card,2704.0
1034,UPI,9603.5
1040,Cash,34000.0
1040,Credit Card,7669.0
1040,Debit Card,10056.0
1040,UPI,40850.0
1041,Cash,44000.0
1041,Credit Card,5194.0
1041,Debit Card,19700.0
1041,UPI,34000.0
1043,Cash,15016.0
1043,Credit Card,14686.0
1043,Debit Card,23375.0
1043,UPI,13600.0
1047,Cash,27866.666666666668
1047,Credit Card,2392.0
1047,UPI,23266.666666666668
1054,Cash,3400.0
1054,Credit Card,10200.0
1054,Debit Card,1495.0
1054,UPI,5745.0
1057,Cash,9072.5
1057,Credit Card,18750.0
1057,Debit Card,10020.888888888889
1058,Cash,5100.0
1058,Credit Card,4851.333333333333
1058,Debit Card,15670.0
1059,Cash,34000.0
1059,Credit Card,33000.0
1059,Debit Card,15427.166666666666
1059,UPI,20400.0
1060,Cash,29096.0
1060,Credit Card,30600.0
1060,Debit Card,23800.0
1060,UPI,33556.4
1065,Cash,5100.0
1065,Credit Card,18700.0
1065,Debit Card,54000.0
1065,UPI,2366.0
1066,Cash,1700.0
1066,Debit Card,28931.333333333332
1066,UPI,13700.0
1068,Cash,19098.4
1068,Credit Card,14080.0
1068,Debit Card,30600.0
1069,Cash,14447.4
1069,Credit Card,17158.8
1069,Debit Card,20469.333333333332
1074,Cash,8993.333333333334
1074,Credit Card,14235.8
1074,Debit Card,2093.0
1074,UPI,39000.0
1075,Cash,34000.0
1075,Credit Card,15300.0
1075,Debit Card,7727.0
1075,UPI,19142.0
1076,Cash,8226.666666666666
1076,Credit Card,24366.666666666668
1076,Debit Card,63000.0
1079,Cash,6021.333333333333
1079,Credit Card,8205.5
1079,Debit Card,13600.0
1079,UPI,1859.0
1080,Cash,28900.0
1080,Credit Card,16193.2
1080,Debit Card,51700.0
1080,UPI,16825.0
1083,Cash,30000.0
1083,Credit Card,299.0
1084,Cash,19111.714285714286
1084,Credit Card,49105.5
1084,Debit Card,3400.0
1084,UPI,55000.0
1085,Cash,40000.0
1085,Credit Card,1014.0
1085,UPI,24277.0
1087,Cash,25500.0
1087,Credit Card,22100.0
1087,Debit Card,16798.666666666668
1087,UPI,17000.0
1088,Credit Card,47500.0
1088,Debit Card,11144.0
1088,UPI,10200.0
1100,Cash,34000.0
1100,Credit Card,26132.5
1100,Debit Card,13600.0
1100,UPI,7479.333333333333
1104,Cash,6000.0
1104,Credit Card,14519.5
1104,Debit Card,4995.0
1104,UPI,54000.0
1106,Credit Card,1690.0
1106,Debit Card,9120.0
1106,UPI,15257.142857142857
1108,Debit Card,19133.333333333332
1108,UPI,29750.0
1112,Credit Card,11000.0
1112,Debit Card,13630.333333333334
1112,UPI,9350.0
1114,Cash,23678.0
1114,Credit Card,42350.8
1114,Debit Card,24173.75
1114,UPI,51300.0
1115,Cash,8940.0
1115,Credit Card,36460.0
1115,Debit Card,14700.0
1115,UPI,14000.0
1117,Cash,56000.0
1117,Credit Card,15300.0
1117,Debit Card,18023.0
1117,UPI,14433.0
1122,Cash,28114.285714285714
1122,Credit Card,32000.0
1122,Debit Card,40150.0
1122,UPI,19825.0
1124,Cash,15300.0
1124,Credit Card,25122.75
1124,UPI,14500.0
1127,Credit Card,28196.0
1127,Debit Card,38333.333333333336
1127,UPI,85000.0
1128,Cash,9597.555555555555
1128,Credit Card,15640.5
1128,Debit Card,13495.0
1128,UPI,14533.333333333334
1129,Cash,25500.0
1129,Debit Card,34000.0
1129,UPI,10876.0
1131,Cash,11900.0
1131,Debit Card,30665.666666666668
1131,UPI,58600.0
1137,Cash,2028.0
1137,Credit Card,28900.0
1137,Debit Card,17625.636363636364
1137,UPI,13650.0
1139,Cash,15664.333333333334
1139,Credit Card,7492.0
1139,Debit Card,11700.0
1139,UPI,20200.0
1141,Cash,8207.111111111111
1141,Credit Card,12298.0
1141,Debit Card,70000.0
1141,UPI,24720.0
1143,Cash,9060.0
1143,Credit Card,16020.75
1143,Debit Card,25500.0
1143,UPI,10766.666666666666
1145,Cash,17033.25
1145,Credit Card,16028.666666666666
1145,Debit Card,23568.333333333332
1151,Credit Card,26180.0
1151,Debit Card,8123.333333333333
1151,UPI,19500.0
1153,Cash,19125.0
1153,Credit Card,8990.0
1153,Debit Card,46080.0
1153,UPI,8295.0
1158,Cash,10920.0
1158,Credit Card,2704.0
1158,Debit Card,8500.0
1158,UPI,15762.2
1159,Cash,8500.0
1159,Credit Card,10127.333333333334
1159,Debit Card,8410.5
1159,UPI,14041.4
1160,Cash,20200.0
1160,Credit Card,27200.0
1160,Debit Card,23429.428571428572
1160,UPI,6800.0
1161,Cash,25500.0
1161,Credit Card,1272.5
1161,Debit Card,14620.0
1162,Cash,20834.777777777777
1162,Credit Card,33533.333333333336
1162,Debit Card,1700.0
1162,UPI,21286.666666666668
1165,Cash,12162.333333333334
1165,Credit Card,28450.0
1165,Debit Card,18014.0
1165,UPI,17000.0
1180,Cash,31000.0
1180,Credit Card,15300.0
1180,Debit Card,8000.0
1180,UPI,16590.0
1182,Cash,5090.0
1182,Credit Card,27000.0
1182,Debit Card,21250.0
1182,UPI,338.0
1187,Cash,4338.0
1187,Credit Card,10966.666666666666
1187,UPI,5100.0
1192,Cash,29764.0
1192,Credit Card,11900.0
1192,UPI,32186.0
1193,Cash,18728.666666666668
1193,Credit Card,5385.0
1193,Debit Card,5147.0
1193,UPI,15581.666666666666
1194,Cash,5100.0
1194,Credit Card,15300.0
1194,Debit Card,42700.0
1194,UPI,17033.333333333332
1199,Cash,12960.0
1199,Credit Card,8500.0
1199,Debit Card,27033.333333333332
1199,UPI,28640.0
1200,Cash,34000.0
1200,Credit Card,19833.333333333332
1200,Debit Card,40000.0
1200,UPI,28900.0
1201,Cash,19970.75
1201,Credit Card,7028.0
1201,UPI,13396.0
1206,Cash,13466.666666666666
1206,Credit Card,11753.5
1206,Debit Card,10500.0
1206,UPI,16229.5
1207,Cash,17798.75
1207,UPI,1196.0
1210,Cash,32197.8
1210,Credit Card,11575.4
1210,Debit Card,42000.0
1212,Credit Card,7157.0
1212,Debit Card,23559.6
1212,UPI,12545.0
1215,Cash,16924.909090909092
1215,UPI,13080.0
1222,Cash,16141.5
1222,Credit Card,32300.0
1222,UPI,23233.333333333332
1229,Cash,37020.0
1229,Credit Card,34000.0
1229,Debit Card,26000.0
1229,UPI,34000.0
1240,Cash,19332.88888888889
1240,Credit Card,18700.0
1240,Debit Card,13549.0
1240,UPI,20222.75
1244,Credit Card,13600.0
1244,UPI,17735.0
1245,Cash,30091.0
1245,Credit Card,10533.0
1245,Debit Card,17000.0
1245,UPI,12466.666666666666
1249,Cash,22600.0
1249,Credit Card,22100.0
1249,Debit Card,25289.0
1249,UPI,18894.0
1254,Cash,5100.0
1254,Credit Card,12000.0
1254,Debit Card,8000.0
1254,UPI,13491.0
1262,Cash,36000.0
1262,Credit Card,49800.0
1262,Debit Card,34500.0
1262,UPI,17000.0
1271,Cash,16160.0
1271,Credit Card,20780.0
1271,Debit Card,11050.0
1271,UPI,31198.833333333332
1272,Cash,16126.666666666666
1272,Credit Card,28160.333333333332
1272,Debit Card,8318.4
1272,UPI,3495.0
1273,Cash,14297.0
1273,Credit Card,11409.857142857143
1273,Debit Card,26253.14285714286
1273,UPI,30600.0
1274,Cash,19483.25
1274,Credit Card,11297.2
1274,UPI,18250.0
1276,Cash,30000.0
1276,Credit Card,36294.0
1276,Debit Card,48500.0
1276,UPI,12096.5
1283,Cash,21175.6
1283,Credit Card,23657.81818181818
1283,Debit Card,15607.333333333334
1283,UPI,2000.0
1286,Cash,16063.666666666666
1286,Credit Card,49816.22222222222
1286,Debit Card,39391.0
1286,UPI,26633.333333333332
1287,Cash,28900.0
1287,Credit Card,29200.0
1287,UPI,15666.666666666666
1289,Cash,3887.0
1289,Credit Card,34700.0
1289,Debit Card,6990.0
1289,UPI,59500.0
1290,Cash,16150.0
1290,Credit Card,13600.0
1290,Debit Card,34250.0
1290,UPI,27290.5
1295,Cash,18000.0
1295,Debit Card,6175.666666666667
1295,UPI,1064.3333333333333
1300,Cash,18450.0
1300,Debit Card,40445.0
1300,UPI,18728.428571428572
1301,Credit Card,22370.0
1301,Debit Card,11978.333333333334
1301,UPI,28900.0
1302,Cash,14102.0
1302,Debit Card,14749.8
1302,UPI,2366.0
1304,Cash,11099.666666666666
1304,Credit Card,55000.0
1304,Debit Card,1794.0
1304,UPI,17975.0
1305,Cash,3887.0
1305,Credit Card,29629.0
1305,Debit Card,31400.0
1305,UPI,20400.0
1306,Cash,4828.0
1306,Credit Card,3289.0
1306,Debit Card,5972.5
1306,UPI,14450.0
1308,Cash,15300.0
1308,Credit Card,34555.0
1308,Debit Card,3588.0
1311,Cash,18710.333333333332
1311,Credit Card,11050.0
1311,Debit Card,23785.714285714286
1311,UPI,10143.5
1317,Cash,1998.0
1317,Credit Card,21832.333333333332
1317,Debit Card,1700.0
1317,UPI,9469.0
1318,Cash,18700.0
1318,Credit Card,15245.0
1318,UPI,10823.666666666666
1320,Cash,15634.666666666666
1320,Credit Card,6800.0
1320,Debit Card,6986.0
1323,Cash,20866.666666666668
1323,Credit Card,29887.0
1323,Debit Card,7547.6
1323,UPI,3588.0
1329,Cash,10445.25
1329,Credit Card,18066.333333333332
1329,Debit Card,14895.666666666666
1329,UPI,34000.0
1330,Cash,20750.0
1330,Credit Card,5000.0
1330,Debit Card,3948.0
1330,UPI,12400.0
1332,Cash,12000.0
1332,Credit Card,32300.0
1332,Debit Card,17500.0
1332,UPI,27200.0
1336,Cash,19466.666666666668
1336,Credit Card,32100.0
1336,Debit Card,17000.0
1336,UPI,39300.0
1339,Cash,13825.0
1339,Credit Card,17983.333333333332
1339,Debit Card,34116.666666666664
1339,UPI,13159.111111111111
1342,Cash,80000.0
1342,Credit Card,9500.0
1342,UPI,16993.666666666668
1349,Cash,16553.14285714286
1349,Credit Card,25000.0
1349,UPI,12473.5
1352,Cash,30600.0
1352,Credit Card,8645.25
1352,Debit Card,1700.0
1352,UPI,4533.333333333333
1355,Cash,18666.666666666668
1355,Credit Card,16988.666666666668
1355,Debit Card,19550.0
1355,UPI,23800.0
1357,Cash,18000.0
1357,Credit Card,10598.0
1357,Debit Card,19550.0
1357,UPI,12098.0
1358,Credit Card,52443.5
1358,Debit Card,24425.0
1358,UPI,14400.0
1360,Cash,33150.0
1360,Credit Card,14440.857142857143
1360,Debit Card,28900.0
1361,Cash,67800.0
1361,Debit Card,36993.333333333336
1361,UPI,27200.0
1362,Cash,23984.0
1362,Credit Card,4119.5
1362,Debit Card,17000.0
1362,UPI,19797.0
1366,Cash,14555.5
1366,Credit Card,19124.25
1366,Debit Card,8500.0
1366,UPI,11900.0
1372,Cash,3050.6666666666665
1372,Credit Card,17247.833333333332
1372,Debit Card,3840.0
1372,UPI,676.0
1381,Credit Card,1001.0
1381,Debit Card,25500.0
1381,UPI,17521.6
1382,Credit Card,45100.0
1382,Debit Card,20060.0
1382,UPI,23500.0
1392,Cash,55000.0
1392,Credit Card,28500.0
1392,Debit Card,32300.0
1392,UPI,1495.0
1395,Cash,34000.0
1395,Credit Card,3211.0
1395,UPI,11900.0
1396,Cash,20400.0
1396,Credit Card,25466.666666666668
1396,Debit Card,42000.0
1396,UPI,12429.666666666666
1402,Cash,10694.333333333334
1402,Credit Card,5100.0
1402,Debit Card,18332.666666666668
1408,Cash,14820.0
1408,Credit Card,18700.0
1408,Debit Card,12122.57142857143
1408,UPI,39633.333333333336
1411,Cash,49000.0
1411,Credit Card,2000.0
1411,Debit Card,1677.0
1411,UPI,5584.0
1413,Cash,19433.333333333332
1413,Credit Card,13600.0
1413,Debit Card,37925.0
1413,UPI,19048.9
1414,Cash,4335.5
1414,Credit Card,19150.666666666668
1414,Debit Card,16496.0
1414,UPI,12258.666666666666
1424,Cash,845.0
1424,Credit Card,7800.0
1424,Debit Card,19666.666666666668
1424,UPI,17000.0
1426,Cash,11456.25
1426,Debit Card,25500.0
1426,UPI,1700.0
1429,Cash,338.0
1429,Credit Card,7396.0
1429,Debit Card,31388.88888888889
1429,UPI,19550.0
1432,Cash,25500.0
1432,Credit Card,2691.0
1432,Debit Card,8367.5
1432,UPI,22632.0
1433,Cash,9868.833333333334
1433,Debit Card,13845.833333333334
1433,UPI,11901.6
1434,Cash,17000.0
1434,Credit Card,4485.0
1434,Debit Card,23800.0
1437,Cash,13096.25
1437,Credit Card,46500.0
1437,UPI,12960.0
1438,Cash,13600.0
1438,Credit Card,20300.0
1438,Debit Card,22100.0
1439,Cash,5100.0
1439,Credit Card,46800.0
1439,Debit Card,23090.5
1439,UPI,11333.333333333334
1442,Credit Card,8500.0
1442,Debit Card,30600.0
1442,UPI,45000.0
1444,Cash,15700.0
1444,Credit Card,16929.8
1444,Debit Card,8838.0
1444,UPI,6046.666666666667
1449,Credit Card,21291.0
1449,Debit Card,25289.0
1449,UPI,8345.0
1453,Cash,10866.333333333334
1453,Credit Card,10200.0
1453,Debit Card,18200.0
1453,UPI,11209.5
1454,Cash,13292.666666666666
1454,Credit Card,18700.0
1454,Debit Card,16150.0
1454,UPI,6800.0
1455,Cash,18328.571428571428
1455,Credit Card,34000.0
1455,Debit Card,44000.0
1455,UPI,9350.0
1457,Cash,20850.0
1457,Credit Card,15119.5
1457,Debit Card,19533.0
1457,UPI,10191.5
1458,Cash,17000.0
1458,Credit Card,29613.14285714286
1458,Debit Card,28098.0
1458,UPI,15536.4
1463,Credit Card,4620.0
1463,Debit Card,70000.0
1463,UPI,35752.8
1464,Cash,23208.0
1464,Credit Card,22100.0
1464,Debit Card,24640.0
1464,UPI,24208.428571428572
1465,Cash,6406.666666666667
1465,Credit Card,10199.666666666666
1465,Debit Card,12745.0
1465,UPI,14866.666666666666
1467,Cash,13192.0
1467,Credit Card,16447.0
1467,UPI,15900.0
1470,Cash,16271.75
1470,Credit Card,8500.0
1470,Debit Card,30600.0
1470,UPI,42000.0
1471,Cash,27200.0
1471,Credit Card,15885.0
1471,Debit Card,897.0
1471,UPI,1700.0
1479,Cash,10000.0
1479,Credit Card,45980.0
1479,Debit Card,9375.0
1479,UPI,3294.0
1492,Cash,16338.2
1492,UPI,38500.0
1493,Cash,9171.0
1493,Credit Card,20400.0
1493,Debit Card,18950.0
1493,UPI,9160.666666666666
1494,Cash,13600.0
1494,Credit Card,12750.0
1494,Debit Card,14044.75
1494,UPI,15237.2
1497,Credit Card,18433.333333333332
1497,Debit Card,19400.0
1497,UPI,23065.333333333332
1498,Cash,51750.0
1498,Credit Card,18700.0
1498,Debit Card,13600.0
1498,UPI,8281.222222222223
1499,Cash,15300.0
1499,Credit Card,6000.0
1499,Debit Card,30600.0
1499,UPI,6800.0
1504,Cash,16948.333333333332
1504,Credit Card,25166.666666666668
1504,Debit Card,6000.0
1504,UPI,15300.0
1507,Cash,54490.5
1507,Credit Card,20000.0
1507,Debit Card,16357.6
1508,Cash,7476.0
1508,Credit Card,23566.666666666668
1508,Debit Card,20966.666666666668
1508,UPI,24450.0
1509,Debit Card,36660.0
1509,UPI,8475.2
1514,Credit Card,6250.0
1514,UPI,30382.2
1515,Cash,24250.0
1515,Credit Card,18294.333333333332
1515,UPI,26000.0
1516,Cash,17500.0
1516,Credit Card,22850.0
1516,Debit Card,35326.666666666664
1516,UPI,10200.0
1517,Cash,9897.333333333334
1517,Debit Card,17851.333333333332
1517,UPI,17000.0
1521,Cash,10032.0
1521,Credit Card,22400.0
1521,Debit Card,8500.0
1524,Credit Card,27000.0
1524,UPI,11150.0
1530,Cash,9037.0
1530,Credit Card,41100.0
1530,Debit Card,2988.0
1530,UPI,3400.0
1532,Cash,18000.0
1532,Credit Card,6005.0
1532,Debit Card,8516.666666666666
1532,UPI,15333.8
1533,Cash,21750.0
1533,Credit Card,16400.0
1533,Debit Card,14544.0
1535,Cash,13600.0
1535,Credit Card,33000.0
1535,Debit Card,18695.0
1535,UPI,16604.666666666668
1536,Cash,18300.0
1536,Credit Card,17840.5
1536,Debit Card,5563.333333333333
1540,Cash,5841.666666666667
1540,Credit Card,25500.0
1540,Debit Card,13024.0
1562,Cash,13200.0
1562,Credit Card,1644.5
1562,UPI,24350.0
1568,Cash,16894.666666666668
1568,Credit Card,19366.333333333332
1568,Debit Card,16166.666666666666
1568,UPI,37700.0
1569,Cash,1700.0
1569,Credit Card,28000.0
1569,UPI,5813.333333333333
1575,Cash,3400.0
1575,Credit Card,15300.0
1575,Debit Card,20392.0
1577,Cash,12916.333333333334
1577,Credit Card,23000.0
1577,Debit Card,18595.333333333332
1577,UPI,21400.0
1578,Credit Card,16466.666666666668
1578,Debit Card,28900.0
1578,UPI,12006.333333333334
1582,Cash,19943.636363636364
1582,Credit Card,8058.0
1582,Debit Card,14522.714285714286
1582,UPI,18665.6
1583,Cash,29460.0
1583,Credit Card,14500.0
1583,Debit Card,35866.666666666664
1584,Cash,32000.0
1584,Credit Card,14861.4
1584,Debit Card,21496.0
1584,UPI,14924.363636363636
1589,Cash,7710.666666666667
1589,Credit Card,40000.0
1589,Debit Card,11145.0
1589,UPI,18700.0
1592,Cash,16239.0
1592,Credit Card,18574.0
1592,Debit Card,1700.0
1592,UPI,17900.0
1593,Cash,11900.0
1593,Credit Card,14166.666666666666
1593,Debit Card,11900.0
1594,Cash,10000.0
1594,Debit Card,11112.4
1594,UPI,1700.0
1599,Cash,686.0
1599,Credit Card,9265.0
1599,Debit Card,14399.333333333334
1599,UPI,34059.333333333336
1603,Cash,8000.0
1603,Debit Card,12038.4
1603,UPI,19550.0
1606,Credit Card,19757.2
1606,Debit Card,1700.0
1606,UPI,17000.0
1609,Cash,29800.0
1609,Credit Card,62464.0
1609,Debit Card,20400.0
1610,Cash,6800.0
1610,Credit Card,16776.6
1610,Debit Card,16150.0
1610,UPI,9616.0
1623,Cash,19950.0
1623,Debit Card,14450.0
1623,UPI,31518.25
1647,Cash,15000.0
1647,Credit Card,31113.666666666668
1647,Debit Card,54130.0
1647,UPI,37666.666666666664
1665,Cash,3588.0
1665,Credit Card,2366.0
1665,UPI,31781.81818181818
1687,Cash,12998.5
1687,Debit Card,48767.5
1687,UPI,16921.0
1691,Cash,18998.666666666668
1691,Credit Card,11697.666666666666
1691,Debit Card,15980.0
1691,UPI,9753.333333333334
1701,Cash,22978.2
1701,Credit Card,26321.5
1701,Debit Card,11350.0
1701,UPI,32000.0
1711,Cash,30572.5
1711,Credit Card,26066.666666666668
1711,Debit Card,5855.5
1711,UPI,23429.5
1721,Credit Card,2199.3333333333335
1721,Debit Card,3400.0
1721,UPI,14450.0
1727,Cash,23800.0
1727,Credit Card,33120.0
1727,Debit Card,20495.0
1727,UPI,6455.333333333333
1741,Cash,22300.0
1741,Credit Card,20412.0
1741,Debit Card,1764.0
1741,UPI,21097.666666666668
1747,Cash,25500.0
1747,Credit Card,4788.666666666667
1747,Debit Card,21577.6
1761,Cash,19266.666666666668
1761,Credit Card,37300.0
1761,Debit Card,9758.75
1761,UPI,10798.0
1763,Cash,42433.333333333336
1763,Credit Card,23800.0
1763,Debit Card,17660.0
1763,UPI,14100.0
1771,Credit Card,14541.5
1771,Debit Card,26114.25
1771,UPI,34975.0
1781,Cash,21320.0
1781,Debit Card,1700.0
1781,UPI,10904.166666666666
1791,Cash,10833.333333333334
1791,Debit Card,12126.666666666666
1791,UPI,57650.0
1795,Credit Card,8519.25
1795,Debit Card,42400.0
1811,Credit Card,14000.0
1811,Debit Card,14872.5
1811,UPI,15293.25
1819,Cash,4720.0
1819,Credit Card,299.0
1819,Debit Card,10200.0
1819,UPI,598.0
1821,Cash,10245.0
1821,Credit Card,17800.0
1821,Debit Card,16400.0
1841,Cash,1700.0
1841,Credit Card,26034.25
1841,Debit Card,15361.818181818182
1841,UPI,13142.666666666666
1845,Cash,15400.0
1845,Credit Card,16000.0
1845,Debit Card,32666.666666666668
1845,UPI,1468.0
1849,Cash,17010.8
1849,Credit Card,30747.5
1849,Debit Card,11900.0
1849,UPI,12486.666666666666
1851,Cash,19093.0
1851,Credit Card,15300.0
1851,Debit Card,10430.4
1851,UPI,18393.666666666668
1855,Cash,14173.0
1855,Credit Card,4186.0
1855,Debit Card,18700.0
1855,UPI,8500.0
1861,Cash,11432.666666666666
1861,Credit Card,1700.0
1861,Debit Card,1700.0
1861,UPI,18786.222222222223
1872,Cash,30600.0
1872,Credit Card,46050.0
1872,UPI,13934.666666666666
1873,Cash,12296.4
1873,Credit Card,15977.777777777777
1873,UPI,15300.0
1877,Cash,15864.0
1877,Credit Card,44666.666666666664
1877,Debit Card,11586.5
1878,Cash,19550.0
1878,Credit Card,22754.8
1878,Debit Card,10200.0
1889,Cash,9294.5
1889,Credit Card,507.0
1889,Debit Card,3690.5
1889,UPI,10977.2
1893,Cash,32127.333333333332
1893,Credit Card,23900.0
1893,UPI,4784.0
1894,Debit Card,3391.5
1894,UPI,9658.333333333334
1897,Cash,17000.0
1897,Credit Card,14278.0
1897,Debit Card,6265.333333333333
1897,UPI,14675.0
1899,Cash,5814.4
1899,Credit Card,25500.0
1899,Debit Card,13236.0
1899,UPI,12750.0
1912,Debit Card,37000.0
1917,Cash,24650.0
1917,Credit Card,14476.0
1917,Debit Card,17000.0
1917,UPI,12287.333333333334
1919,Cash,6652.6
1919,Credit Card,39062.666666666664
1919,Debit Card,21314.285714285714
1919,UPI,9600.0
1921,Cash,13348.0
1921,Credit Card,22000.0
1921,Debit Card,6800.0
1921,UPI,7682.857142857143
1925,Cash,38127.333333333336
1925,Credit Card,25000.0
1925,Debit Card,2000.0
1925,UPI,15300.0
2003,Cash,16222.75
2003,Credit Card,15866.666666666666
2003,Debit Card,27750.0
2003,UPI,10341.0
2011,Cash,10960.333333333334
2011,UPI,11366.666666666666
2025,Cash,11900.0
2025,Credit Card,16826.0
2025,Debit Card,15725.0
2025,UPI,22590.0
2026,Cash,15760.4
2026,Credit Card,8793.333333333334
2026,Debit Card,19040.0
2116,Cash,8460.666666666666
2116,Credit Card,2620.6666666666665
2116,Debit Card,598.0
2116,UPI,14028.57142857143
2122,Credit Card,32000.0
2122,Debit Card,9560.0
2123,Cash,2928.0
2123,Credit Card,41678.4
2123,UPI,5090.0
2127,Cash,16143.555555555555
2127,Credit Card,25633.25
2127,Debit Card,30894.85714285714
2127,UPI,30600.0
2131,Debit Card,6283.0
2131,UPI,22579.0
2136,Cash,6686.2
2136,Credit Card,17000.0
2136,Debit Card,23800.0
2136,UPI,20371.666666666668
2138,Cash,12348.5
2138,Credit Card,9533.333333333334
2138,Debit Card,10400.0
2138,UPI,22766.666666666668
2156,Cash,3400.0
2156,Credit Card,6000.0
2156,Debit Card,32300.0
2156,UPI,13600.0
2166,Cash,11893.666666666666
2166,Credit Card,11098.0
2166,Debit Card,14450.0
2166,UPI,14377.777777777777
2168,Cash,11998.4
2168,Credit Card,10200.0
2168,Debit Card,3400.0
2168,UPI,20400.0
2169,Cash,40800.0
2169,Credit Card,2888.0
2169,Debit Card,5988.0
2169,UPI,4245.0
2170,Cash,2490.0
2170,Credit Card,12177.666666666666
2170,UPI,10200.0
2177,Credit Card,11825.0
2177,Debit Card,19833.333333333332
2177,UPI,13564.0
2184,Cash,23500.0
2184,Credit Card,3887.0
2184,Debit Card,41050.0
2184,UPI,34000.0
2188,Cash,21250.0
2188,Credit Card,5681.0
2188,Debit Card,12750.0
2188,UPI,9832.666666666666
2190,Cash,21533.333333333332
2190,Credit Card,20700.0
2190,Debit Card,9588.0
2190,UPI,15312.25
2191,Cash,30600.0
2191,Credit Card,299.0
2191,Debit Card,6666.666666666667
2191,UPI,14733.333333333334
2198,Cash,14166.666666666666
2198,Credit Card,21703.333333333332
2198,Debit Card,15599.0
2198,UPI,12682.0
2200,Cash,15300.0
2200,Credit Card,27081.75
2200,Debit Card,15600.0
2200,UPI,7230.5
2203,Cash,7744.75
2203,Credit Card,13550.0
2203,Debit Card,29127.333333333332
2203,UPI,8444.5
2209,Cash,17521.5
2209,Credit Card,17502.0
2209,Debit Card,14040.0
2209,UPI,999.5
2211,Cash,25500.0
2211,Credit Card,6800.0
2211,Debit Card,31016.666666666668
2211,UPI,8517.0
2214,Cash,24355.555555555555
2214,Credit Card,29229.666666666668
2214,Debit Card,1700.0
2214,UPI,31250.0
2226,Credit Card,1495.0
2226,Debit Card,13399.25
2226,UPI,4203.0
2229,Cash,8342.0
2229,Credit Card,11900.0
2229,Debit Card,56000.0
2229,UPI,9115.0
2236,Cash,8546.857142857143
2236,Credit Card,23840.0
2236,Debit Card,13350.5
2236,UPI,20170.5
2242,Credit Card,18669.333333333332
2242,Debit Card,30300.0
2242,UPI,5446.0
2250,Cash,26401.4
2250,UPI,11670.90909090909
2252,Cash,16398.5
2252,Credit Card,18194.0
2252,Debit Card,299.0
2252,UPI,27666.666666666668
2254,Cash,25823.333333333332
2254,Credit Card,6180.285714285715
2254,Debit Card,15866.666666666666
2254,UPI,39947.0
2258,Cash,18540.0
2258,Credit Card,22100.0
2258,Debit Card,16600.0
2258,UPI,33964.333333333336
2263,Cash,1700.0
2263,Debit Card,28942.85714285714
2263,UPI,13377.2
2268,Cash,11171.42857142857
2268,Credit Card,13540.333333333334
2268,Debit Card,22100.0
2268,UPI,338.0
2277,Cash,12561.666666666666
2277,Credit Card,21675.0
2277,Debit Card,14265.0
2277,UPI,15300.0
2288,Cash,15525.333333333334
2288,Debit Card,20596.5
2288,UPI,32300.0
2292,Cash,13600.0
2292,Credit Card,8500.0
2292,Debit Card,10800.0
2292,UPI,20976.0
2304,Cash,96000.0
2304,Debit Card,18690.0
2304,UPI,30480.0
2305,Cash,14000.0
2305,Credit Card,12245.0
2305,Debit Card,10077.333333333334
2305,UPI,21250.0
2307,Cash,16650.0
2307,Credit Card,13045.75
2307,Debit Card,20256.0
2319,Cash,22562.0
2319,Credit Card,13600.0
2319,Debit Card,17363.333333333332
2319,UPI,25500.0
2320,Cash,3400.0
2320,Credit Card,4784.0
2320,UPI,23800.0
