store_id,order_year,total_revenue
1,2022,23069
1,2024,6059
2,2024,63203
2,2022,84152
2,2023,41300
3,2024,104517
3,2022,47677
3,2023,93907
4,2023,41071
4,2024,70869
4,2022,38054
7,2024,7235
7,2022,35891
7,2023,46807
8,2022,48803
8,2024,12540
8,2023,3230
10,2022,36326
10,2023,91876
12,2022,20625
12,2023,30138
13,2023,52462
13,2022,37850
17,2023,95046
17,2022,67741
18,2023,32405
18,2022,10643
18,2024,4560
19,2022,58837
19,2023,93901
19,2024,1086
22,2023,12487
22,2022,54866
22,2024,1139
23,2022,39067
23,2023,64812
23,2024,26351
26,2022,13265
26,2023,52377
27,2022,76361
27,2023,29312
28,2023,8563
28,2024,21081
28,2022,52058
30,2022,18956
30,2023,94993
34,2023,73721
34,2024,22016
34,2022,19292
35,2022,84475
35,2023,54837
38,2023,43821
38,2024,48458
38,2022,18690
39,2023,73889
39,2024,40830
39,2022,12705
40,2024,11784
40,2022,60008
40,2023,59770
41,2023,41301
41,2022,52386
42,2022,16305
42,2024,35010
42,2023,39796
43,2024,945
43,2023,78995
43,2022,16410
44,2022,44562
44,2024,35756
44,2023,11049
46,2022,17169
46,2024,47312
46,2023,50174
47,2024,12924
47,2023,18240
47,2022,70079
49,2024,2284
49,2022,50819
49,2023,30452
50,2024,49333
50,2023,66351
50,2022,62102
53,2024,7831
53,2023,55656
53,2022,78018
55,2022,31797
55,2023,51824
59,2024,16890
59,2023,29318
59,2022,50256
60,2022,22435
60,2023,46923
63,2022,54391
63,2023,36611
65,2024,1560
65,2023,21434
65,2022,43489
66,2022,51602
66,2023,34812
67,2023,76372
67,2022,60902
67,2024,12260
68,2023,16837
68,2022,8666
69,2023,37300
69,2022,94450
70,2024,3072
70,2022,39104
70,2023,51758
71,2024,21945
71,2022,12220
71,2023,70392
72,2024,2412
72,2023,31516
72,2022,56636
74,2023,4530
74,2022,82840
75,2022,6417
75,2023,65639
75,2024,927
76,2023,9720
76,2024,19437
76,2022,72176
78,2022,47480
78,2023,34459
79,2023,56246
79,2022,120764
81,2023,42337
81,2022,44270
82,2023,59248
82,2024,11788
82,2022,108520
84,2022,62471
84,2023,72600
85,2022,21657
85,2023,64910
85,2024,6894
87,2024,9127
87,2022,34168
87,2023,93799
90,2024,15675
90,2023,62927
90,2022,41085
91,2022,54378
91,2023,33557
91,2024,12828
92,2022,10610
92,2023,39920
92,2024,5306
94,2022,32770
94,2024,35346
94,2023,21612
96,2022,24394
96,2023,34850
98,2022,46551
98,2023,11990
99,2023,41104
99,2022,18618
100,2023,43355
100,2024,17646
100,2022,49418
102,2024,64491
102,2023,155082
102,2022,17123
104,2022,31981
104,2023,48132
104,2024,54428
106,2022,45586
106,2023,60961
106,2024,9112
107,2023,31090
107,2022,41469
108,2022,13142
108,2023,118371
109,2024,1990
109,2022,50520
109,2023,26183
110,2022,35814
110,2023,63510
111,2023,62238
111,2022,32586
112,2023,12850
112,2022,123041
113,2024,5734
113,2023,31329
113,2022,15756
117,2024,21870
117,2023,47779
117,2022,50879
118,2023,40446
118,2022,33458
120,2024,31555
120,2023,37238
121,2022,13658
121,2023,48269
122,2023,28656
122,2024,7171
122,2022,585
123,2023,91756
123,2022,14302
123,2024,30808
124,2024,23461
124,2023,121981
124,2022,10820
125,2023,36882
125,2024,11220
125,2022,38927
126,2023,3315
127,2022,22824
127,2024,1428
127,2023,25332
131,2023,43320
131,2022,63793
131,2024,3861
132,2024,33877
132,2022,20232
132,2023,110114
133,2023,57512
134,2022,87074
134,2023,63043
135,2024,602
135,2023,73750
135,2022,24394
136,2024,18034
136,2022,43711
138,2023,37755
138,2022,25272
139,2022,13009
139,2024,8712
139,2023,14727
140,2022,82988
140,2024,8614
140,2023,2814
143,2023,93414
143,2022,35547
144,2022,112294
144,2023,10710
145,2023,18288
145,2024,3645
145,2022,31751
147,2022,43039
147,2023,156037
148,2024,17552
148,2023,36494
148,2022,23629
149,2024,21869
149,2022,30913
149,2023,55303
150,2022,33935
150,2023,43554
151,2023,16875
151,2022,23813
151,2024,8920
152,2024,11148
152,2022,20689
152,2023,4651
154,2023,51672
154,2024,20820
154,2022,9736
155,2022,133078
155,2023,20738
156,2024,1592
156,2023,70211
156,2022,24350
157,2022,22110
157,2023,75920
160,2024,6294
160,2023,24319
160,2022,53052
161,2023,61757
161,2024,9340
161,2022,6924
163,2022,15116
163,2023,4356
165,2022,768
165,2023,57627
165,2024,85309
166,2022,26813
166,2023,41539
166,2024,3297
167,2022,107764
167,2023,82830
167,2024,10384
170,2023,50434
170,2022,29513
177,2023,23299
177,2022,23353
178,2023,42934
178,2024,96001
178,2022,60753
180,2022,151277
180,2024,4080
180,2023,93717
181,2023,100279
181,2022,50796
181,2024,30186
183,2022,51744
183,2023,27519
185,2023,52007
185,2022,67098
186,2024,4294
186,2023,119528
186,2022,9111
187,2023,31360
187,2022,18349
187,2024,12624
188,2023,81034
188,2024,36304
188,2022,3043
189,2022,25786
189,2023,2486
189,2024,5950
190,2022,80356
190,2024,39377
190,2023,74771
193,2023,22288
193,2024,51658
193,2022,76492
194,2023,66764
195,2022,10464
196,2023,585
196,2024,56294
196,2022,30063
197,2024,23324
197,2022,8123
197,2023,67999
199,2023,116273
199,2022,89453
199,2024,2658
200,2022,80025
200,2023,100734
201,2023,34339
201,2022,43910
202,2022,7281
202,2023,27184
202,2024,30734
203,2023,147031
203,2022,19844
203,2024,8795
205,2023,69870
205,2024,26922
205,2022,13635
206,2023,35704
206,2024,2310
207,2022,50288
207,2024,26919
207,2023,29444
211,2022,8460
211,2024,21622
211,2023,92262
214,2022,43165
214,2023,71424
216,2022,20217
216,2024,41472
216,2023,57586
217,2024,21132
217,2022,47262
217,2023,24932
219,2023,26504
219,2022,1400
220,2022,31795
220,2023,76622
220,2024,6666
221,2024,15003
221,2022,121373
221,2023,85277
222,2024,34767
222,2023,51834
222,2022,30123
223,2022,70163
223,2023,104774
223,2024,3984
224,2022,99540
224,2024,11530
224,2023,19548
226,2024,23130
226,2023,9327
226,2022,84315
227,2023,32343
227,2022,26784
228,2023,84393
228,2022,4904
229,2022,46476
229,2023,25816
229,2024,13460
230,2022,5745
230,2023,24554
231,2023,118153
231,2024,1140
231,2022,75753
235,2023,41030
235,2022,35978
238,2022,39442
238,2023,5755
239,2022,23848
239,2023,60417
240,2023,37502
240,2024,19414
240,2022,23780
241,2022,2710
241,2024,30150
241,2023,39507
242,2023,49475
242,2022,2885
243,2022,111012
243,2023,84198
243,2024,91527
244,2022,34326
244,2024,29412
244,2023,46059
246,2023,39334
246,2022,25648
246,2024,3264
247,2022,59572
247,2023,22169
248,2023,40107
248,2022,25226
248,2024,16505
249,2023,45161
249,2022,41820
249,2024,12639
250,2023,38504
250,2022,52374
251,2022,37965
251,2023,13575
252,2023,94476
252,2024,6981
252,2022,8117
254,2022,37075
254,2024,2286
254,2023,27831
255,2024,78849
255,2023,55211
255,2022,8406
257,2022,21204
257,2023,2150
258,2024,8680
258,2022,2799
258,2023,22610
259,2022,3346
259,2023,75106
259,2024,8183
260,2022,26380
260,2023,1400
261,2022,25468
261,2023,50632
261,2024,1920
262,2023,92404
262,2022,6752
264,2024,20935
264,2023,15123
264,2022,36992
265,2023,68509
265,2024,30581
265,2022,55973
266,2023,32550
266,2022,54404
268,2022,7276
268,2024,3504
268,2023,3450
270,2022,46882
270,2023,161933
270,2024,15916
271,2022,17669
271,2023,83226
272,2024,5187
272,2023,29180
272,2022,11750
273,2023,39926
273,2022,61162
273,2024,18105
274,2024,6522
274,2023,128472
274,2022,20239
275,2023,80326
275,2024,2814
275,2022,41813
276,2023,25483
276,2024,721
276,2022,45426
277,2023,103929
277,2024,50520
277,2022,12705
278,2022,5567
278,2023,67467
279,2022,48821
279,2023,32958
279,2024,4076
280,2023,133527
280,2022,25667
280,2024,57602
281,2023,69468
281,2022,22474
282,2023,27142
282,2024,4868
282,2022,3648
283,2023,61321
283,2022,16752
283,2024,50545
284,2023,118893
284,2022,70301
284,2024,29119
285,2023,54721
285,2022,57355
286,2023,96407
286,2022,53704
287,2023,59781
287,2022,47954
289,2022,37461
289,2024,16487
289,2023,50394
290,2022,27066
290,2024,15766
290,2023,20353
291,2022,43708
291,2023,79487
291,2024,3309
292,2022,27176
292,2023,19370
294,2024,16440
294,2022,104516
294,2023,39307
295,2023,46014
295,2022,74999
296,2023,46473
296,2022,15410
297,2022,108680
297,2023,117503
298,2023,18421
298,2022,48817
298,2024,1040
299,2022,62954
299,2023,70778
299,2024,23422
300,2023,69695
300,2022,42607
301,2023,33220
301,2022,10556
302,2023,12029
302,2022,44235
303,2024,16352
303,2022,18901
303,2023,89125
305,2022,58465
305,2024,36602
305,2023,19244
306,2022,66944
306,2024,6440
306,2023,24367
307,2022,13676
307,2023,58711
307,2024,53941
308,2022,18785
308,2024,44379
308,2023,111848
310,2024,11077
310,2023,19913
310,2022,49298
312,2022,64820
312,2024,1025
312,2023,37092
313,2023,50956
313,2024,2363
313,2022,27715
314,2022,8422
314,2024,64213
314,2023,48538
315,2022,45742
315,2024,6852
315,2023,128648
316,2023,88434
316,2022,44201
317,2022,32620
317,2023,37092
320,2022,42289
320,2024,8602
320,2023,2034
321,2023,52522
321,2022,4945
322,2023,53874
322,2022,6966
322,2024,1582
323,2022,68672
323,2023,74141
324,2022,4322
324,2024,351
324,2023,44951
325,2023,103320
325,2022,5379
325,2024,870
326,2022,39475
326,2024,12820
326,2023,83179
328,2024,22610
328,2023,9351
328,2022,43277
329,2022,40602
329,2023,28301
329,2024,567
330,2022,74507
330,2023,78865
330,2024,38076
331,2024,3483
331,2022,30228
331,2023,112517
332,2023,17641
332,2024,6940
332,2022,34798
333,2024,2186
333,2023,86170
333,2022,3741
334,2023,78947
334,2024,10731
334,2022,37792
336,2022,90541
336,2023,22687
336,2024,10850
338,2022,66721
338,2023,132178
339,2024,20179
339,2023,166024
339,2022,51022
340,2023,72418
340,2022,16746
340,2024,82110
341,2024,7752
341,2023,66720
342,2023,27162
342,2024,86805
342,2022,19856
343,2022,20858
343,2023,70094
344,2022,48077
344,2023,17241
345,2022,20880
345,2024,20976
345,2023,20862
346,2022,6485
346,2024,32445
346,2023,154360
347,2023,89946
347,2022,15709
348,2022,125036
348,2024,74620
348,2023,72599
349,2024,7174
349,2023,51966
349,2022,1990
351,2023,128112
351,2022,60492
352,2023,34343
352,2022,52062
353,2023,28457
354,2023,13660
354,2024,3317
354,2022,22897
355,2023,82636
355,2022,62912
355,2024,5618
356,2023,92184
356,2022,57524
357,2023,3232
357,2024,23707
357,2022,62274
358,2022,37030
358,2023,48845
358,2024,410
359,2024,16340
359,2023,87810
359,2022,26146
360,2022,2094
360,2023,57201
360,2024,47482
361,2022,105214
361,2023,47374
361,2024,1039
362,2023,6633
362,2022,31542
363,2024,1352
363,2023,87631
363,2022,10152
364,2024,13402
364,2022,73196
364,2023,70235
365,2023,20928
365,2022,119969
367,2022,60064
367,2024,23340
367,2023,39978
368,2024,12594
368,2023,48353
368,2022,33846
369,2023,109276
369,2022,23317
374,2023,73357
374,2024,50955
375,2023,139155
375,2024,3561
375,2022,54642
376,2023,69669
376,2022,18193
376,2024,10455
378,2022,20589
378,2023,61636
378,2024,15931
380,2023,30063
380,2022,12964
381,2022,12087
381,2023,45398
382,2024,45199
382,2022,22210
382,2023,77342
383,2023,20274
383,2024,76612
383,2022,63427
384,2023,35423
385,2022,24770
385,2023,114330
385,2024,17738
386,2023,72407
387,2023,41692
387,2022,96044
387,2024,11814
389,2023,11819
389,2024,18462
389,2022,94453
390,2022,28285
390,2023,115966
390,2024,13761
391,2022,2828
391,2023,44478
392,2023,78165
392,2022,24573
393,2022,30264
393,2023,53707
393,2024,382
395,2023,51720
395,2022,27256
396,2024,32370
396,2023,88192
396,2022,46223
397,2023,13456
397,2022,33468
399,2023,69051
399,2024,14839
399,2022,21075
400,2023,40186
400,2022,35205
401,2024,15568
401,2023,51173
401,2022,30210
404,2022,66923
404,2023,54685
405,2023,86271
405,2024,25600
405,2022,22092
406,2022,7958
406,2023,63147
407,2022,148658
407,2024,20952
407,2023,164150
408,2023,117286
408,2022,28920
409,2022,17057
409,2024,50627
409,2023,65970
410,2023,87058
410,2022,39214
410,2024,4180
411,2022,32074
411,2024,20662
411,2023,11843
412,2022,11970
412,2023,79751
413,2024,24894
413,2023,103004
413,2022,68939
415,2022,2380
415,2023,28414
416,2023,8041
416,2022,14462
416,2024,3360
417,2024,17430
417,2023,103326
417,2022,19244
418,2023,66374
418,2022,31034
419,2022,7448
419,2023,44775
419,2024,39714
422,2023,100248
422,2022,58515
422,2024,22015
423,2022,33593
423,2024,13041
423,2023,32655
424,2023,67561
424,2022,99446
425,2023,82224
425,2024,27655
425,2022,29508
426,2022,57581
426,2023,73002
426,2024,11196
428,2024,17632
428,2023,25059
428,2022,23400
429,2024,12884
429,2023,46207
429,2022,2850
431,2022,77897
431,2023,24445
432,2022,33811
432,2023,54817
432,2024,27483
433,2022,14607
433,2023,105857
434,2022,59098
434,2023,130851
435,2022,17023
435,2024,1843
435,2023,74813
437,2023,50857
437,2022,3348
437,2024,2338
438,2023,55879
438,2024,2058
438,2022,42002
440,2024,49322
440,2022,27038
440,2023,28176
441,2023,132152
441,2022,37812
442,2023,91097
442,2024,5805
442,2022,62636
443,2022,25791
443,2023,52176
443,2024,12220
444,2022,62276
444,2024,16236
444,2023,31073
445,2022,122949
445,2023,199
446,2024,22978
446,2023,44633
446,2022,32411
447,2022,2138
447,2024,3120
447,2023,18816
448,2024,8704
448,2023,73607
448,2022,37122
449,2022,4173
449,2023,49800
449,2024,8432
450,2023,54512
450,2022,88874
451,2022,44196
451,2023,55972
452,2024,18254
452,2022,67903
452,2023,57421
453,2024,12210
453,2022,52043
453,2023,33512
454,2022,13728
454,2023,7074
454,2024,4037
455,2022,14831
455,2023,54163
455,2024,27484
456,2024,18634
456,2023,44927
456,2022,73982
457,2023,24725
457,2022,49444
457,2024,1111
458,2022,56891
458,2023,42979
459,2023,41438
459,2024,8899
459,2022,17373
460,2023,70340
461,2022,43852
461,2023,42206
461,2024,13320
462,2022,59134
462,2023,13086
462,2024,33327
463,2023,141944
463,2022,72019
464,2022,11374
464,2024,14716
464,2023,68732
465,2023,76062
465,2022,1719
466,2023,96758
466,2024,4960
466,2022,25960
467,2022,61650
467,2023,28125
468,2024,18960
468,2022,72230
468,2023,60162
469,2024,24910
470,2022,24741
470,2023,27063
470,2024,5699
471,2023,125316
471,2024,17680
471,2022,33214
472,2023,8053
473,2023,29528
473,2024,18576
473,2022,53526
474,2022,63540
474,2023,29760
474,2024,14937
475,2023,53995
475,2022,80200
476,2023,9963
476,2024,6240
476,2022,13440
478,2022,6285
478,2023,53424
478,2024,2727
479,2024,3138
479,2023,97469
479,2022,15072
481,2022,21723
481,2024,15881
481,2023,98039
482,2023,60372
482,2024,39385
482,2022,4410
483,2023,27881
483,2022,21645
483,2024,4116
484,2024,10324
484,2023,78431
484,2022,133029
485,2023,99258
485,2022,7085
486,2022,93645
486,2023,50360
486,2024,14002
487,2022,9670
487,2024,60058
487,2023,72257
488,2023,148406
488,2022,22526
488,2024,10650
489,2023,166158
489,2022,141532
490,2024,41770
490,2022,52270
490,2023,110426
491,2022,77513
491,2023,19400
491,2024,1910
492,2022,46805
492,2023,24971
493,2022,28705
493,2023,13883
493,2024,8592
494,2022,105146
494,2023,26059
494,2024,16211
496,2022,43555
496,2023,58422
498,2023,15465
498,2022,175417
499,2022,58279
499,2023,11979
499,2024,17260
503,2023,11021
503,2022,15516
504,2023,90444
504,2022,77376
504,2024,14599
505,2022,6510
505,2023,95274
505,2024,24006
506,2022,71680
506,2024,32570
506,2023,26121
508,2023,88038
508,2022,126070
508,2024,47152
509,2022,52616
509,2023,62891
509,2024,13882
510,2022,80094
510,2024,17145
510,2023,17732
511,2024,570
511,2022,8360
511,2023,20462
512,2024,33970
512,2023,10811
512,2022,12318
513,2022,57158
513,2023,61952
514,2023,146560
514,2024,20946
514,2022,55568
515,2023,17985
515,2022,42950
515,2024,37455
516,2022,9978
516,2023,104351
516,2024,29673
517,2023,73190
517,2024,9720
517,2022,18272
518,2022,42007
518,2023,30039
519,2023,54526
519,2022,15988
519,2024,22500
520,2023,31248
520,2022,36390
520,2024,29829
521,2022,68469
521,2023,47675
523,2023,41564
523,2022,10490
523,2024,2294
524,2023,56449
524,2022,30399
526,2022,120078
526,2023,26858
526,2024,13351
567,2024,17765
567,2023,8910
567,2022,59490
568,2023,89535
568,2022,39411
568,2024,4178
571,2022,27885
571,2024,16531
571,2023,66015
572,2022,43308
572,2023,94887
572,2024,32158
573,2023,85083
573,2022,819
574,2022,17077
574,2023,21483
574,2024,3216
575,2024,8784
575,2023,29001
575,2022,8856
576,2023,28696
576,2022,27044
576,2024,2260
577,2022,84747
577,2023,111789
577,2024,400
578,2022,47170
578,2023,42823
578,2024,2587
579,2023,47419
579,2024,34245
580,2022,33135
580,2023,48186
581,2023,24448
581,2022,39492
581,2024,5324
582,2023,81457
582,2024,4628
585,2023,77048
585,2024,23085
585,2022,74332
586,2023,134774
586,2022,33102
586,2024,21240
587,2024,18252
587,2023,32506
587,2022,54325
588,2024,17104
588,2022,40900
588,2023,91969
589,2024,22385
589,2022,47784
589,2023,25832
590,2023,91907
590,2022,35230
591,2024,16352
591,2022,27907
591,2023,72438
596,2023,80872
596,2022,86187
596,2024,20235
597,2024,20597
597,2023,63742
597,2022,55803
598,2022,66572
598,2023,36822
599,2024,7356
599,2023,21168
599,2022,11420
600,2022,21390
600,2023,16349
600,2024,4130
601,2022,1217
601,2024,15453
601,2023,66209
602,2024,6462
602,2023,103720
602,2022,18345
603,2023,46680
603,2022,26077
604,2023,66846
604,2022,40371
605,2022,32454
605,2024,8933
606,2022,18976
606,2023,85258
607,2024,10054
607,2022,46824
607,2023,32445
609,2024,12336
609,2023,35441
609,2022,94948
611,2022,32102
611,2023,25871
611,2024,35394
612,2023,66009
612,2022,33755
612,2024,18850
613,2022,1176
613,2023,16176
614,2022,36284
614,2024,43784
614,2023,3255
615,2024,24948
615,2023,23881
615,2022,78837
617,2024,22105
617,2023,131052
617,2022,16520
618,2022,64569
618,2023,45906
618,2024,1087
620,2022,27474
620,2024,18337
620,2023,64861
621,2022,68913
621,2023,9414
623,2022,8398
623,2023,108509
625,2023,191159
625,2022,73527
625,2024,23682
626,2022,32880
626,2024,15148
626,2023,573
627,2024,38532
627,2022,36597
627,2023,58218
628,2023,37181
628,2024,11410
628,2022,9963
629,2022,49704
629,2024,73280
629,2023,29439
630,2022,31695
630,2023,74670
630,2024,6444
633,2023,34622
633,2022,12771
633,2024,573
635,2024,19502
635,2023,45285
636,2022,65427
636,2023,49526
637,2024,4172
637,2022,47586
637,2023,19365
638,2022,32990
638,2023,56874
639,2022,40415
639,2023,35666
640,2024,53927
640,2023,30432
640,2022,51515
641,2023,37377
641,2022,3514
662,2023,31724
662,2022,65934
662,2024,32635
663,2022,4508
663,2023,52646
664,2023,55773
664,2024,70668
664,2022,3591
666,2024,30615
666,2022,15185
666,2023,46049
667,2022,34054
667,2024,34560
668,2022,64481
668,2023,46845
669,2023,34221
669,2022,27618
669,2024,13052
670,2023,25714
671,2022,80823
671,2023,25820
672,2023,35268
672,2022,73240
672,2024,3375
673,2023,76873
673,2022,45632
674,2022,58144
674,2024,17728
674,2023,52848
675,2022,62779
675,2024,17064
675,2023,84869
676,2022,40258
676,2024,16998
676,2023,81025
677,2022,69158
677,2023,36330
677,2024,3060
678,2022,47864
678,2024,26500
678,2023,46127
679,2022,116259
679,2024,15090
679,2023,72749
680,2022,64954
680,2023,80257
681,2024,5110
681,2022,82119
681,2023,69625
683,2024,103859
683,2023,6750
683,2022,106559
684,2023,65825
684,2022,34941
685,2022,18949
685,2023,80042
686,2023,66815
686,2022,56588
687,2023,81566
687,2022,9288
687,2024,22096
688,2022,92845
688,2023,104564
688,2024,24470
689,2023,27601
689,2022,19628
690,2022,50319
690,2023,20408
691,2022,81490
691,2024,3705
691,2023,49639
693,2023,99068
693,2022,37945
693,2024,15119
694,2023,8703
694,2022,66885
696,2023,59557
696,2022,35307
697,2023,101625
697,2022,36567
697,2024,19969
698,2024,21042
698,2023,140317
698,2022,26693
699,2022,80312
699,2023,4440
699,2024,18008
700,2023,52846
700,2022,23298
701,2023,60623
701,2022,39012
702,2024,12771
702,2023,21455
702,2022,45535
703,2023,11560
703,2024,2515
703,2022,41548
704,2023,55595
704,2022,19746
705,2024,51255
705,2022,3600
705,2023,95507
706,2023,155826
706,2022,69188
707,2024,2951
707,2022,36866
707,2023,45362
708,2023,107925
708,2024,13320
708,2022,29718
709,2024,819
709,2023,25158
709,2022,6608
710,2022,56290
710,2023,136755
710,2024,64418
711,2022,36107
711,2023,21478
712,2023,25674
712,2022,22384
712,2024,111
713,2023,90633
713,2022,54651
713,2024,6204
715,2023,35964
715,2024,15204
715,2022,3285
716,2024,4428
716,2023,95682
716,2022,2336
717,2023,79893
717,2024,8728
718,2023,67302
718,2022,13740
719,2023,75611
719,2022,8425
719,2024,27990
720,2024,18250
720,2023,29455
720,2022,45948
721,2022,28980
721,2023,94718
723,2023,53464
723,2024,29251
723,2022,35406
724,2024,2476
724,2022,34851
724,2023,96850
726,2022,54932
726,2023,13500
727,2023,83954
727,2024,60760
727,2022,9886
728,2022,51599
728,2024,11304
728,2023,42355
729,2024,4051
729,2023,59409
729,2022,22991
730,2022,26578
730,2023,129902
731,2023,51777
731,2022,18669
731,2024,4316
732,2023,59456
732,2022,97475
733,2024,17253
733,2022,12962
733,2023,15943
735,2023,29970
735,2022,27620
736,2023,48732
736,2022,33641
736,2024,14220
738,2022,503
738,2023,92195
738,2024,19530
739,2022,61607
739,2023,28528
740,2022,59641
740,2023,66099
740,2024,9056
741,2022,2405
741,2023,12552
741,2024,34184
742,2023,21151
742,2022,23622
742,2024,9116
743,2022,130400
743,2024,14682
743,2023,47238
744,2022,79109
744,2023,56964
744,2024,3936
745,2022,22365
745,2023,76844
745,2024,1365
746,2022,17667
746,2023,86684
746,2024,22977
748,2022,7561
748,2023,32083
749,2022,45556
749,2023,29964
749,2024,49324
751,2022,6375
751,2023,66139
752,2022,32553
752,2023,20634
752,2024,44310
753,2023,10322
753,2024,12036
754,2022,62940
754,2024,20111
754,2023,8225
755,2023,21732
755,2022,24038
755,2024,8280
756,2024,2230
756,2022,6875
756,2023,46768
757,2022,37488
757,2024,30731
757,2023,47057
758,2023,4548
758,2022,99260
758,2024,22173
759,2022,24171
759,2024,2167
759,2023,35760
761,2023,57470
761,2024,13163
761,2022,82166
762,2023,39052
762,2022,19456
762,2024,4616
764,2023,106854
764,2022,92988
765,2024,11429
765,2022,78802
765,2023,21382
766,2023,139423
768,2022,110948
768,2023,3045
768,2024,24624
769,2024,9666
769,2023,57894
769,2022,86090
770,2023,76404
770,2022,21211
772,2023,76170
772,2022,33315
774,2022,22484
774,2023,56093
774,2024,14248
775,2023,26665
775,2024,24940
775,2022,90337
777,2023,13097
779,2023,119111
779,2022,6405
781,2022,16523
781,2023,194935
781,2024,2448
782,2022,6632
782,2023,45750
782,2024,43434
783,2022,24084
783,2024,28720
783,2023,597
784,2023,74265
784,2022,4260
784,2024,20824
785,2023,44359
785,2022,17595
786,2022,26209
786,2023,11783
787,2023,12287
787,2022,22152
787,2024,42579
788,2023,61334
788,2022,9636
789,2023,39756
789,2024,26125
789,2022,16068
790,2024,25634
790,2023,20568
790,2022,115960
791,2023,12762
791,2022,74530
791,2024,6642
793,2023,9822
793,2022,22811
794,2022,38556
794,2023,51126
795,2023,13471
795,2024,5369
795,2022,8873
796,2022,40073
796,2023,19101
797,2022,30954
797,2023,52451
797,2024,1712
798,2023,46925
798,2022,15125
799,2024,42630
799,2023,55737
799,2022,34045
800,2024,26770
800,2023,14941
800,2022,86112
801,2023,42615
801,2022,46484
802,2024,19980
802,2023,38300
803,2022,102048
803,2024,10836
803,2023,42631
804,2023,66702
804,2022,25104
805,2022,112341
805,2024,20820
805,2023,27708
806,2024,6510
806,2022,74230
806,2023,194252
807,2023,109097
807,2022,56162
808,2023,178841
808,2022,54514
810,2022,20327
810,2023,6356
810,2024,32210
811,2023,63509
811,2024,20808
811,2022,34553
813,2023,101973
813,2022,86297
813,2024,768
814,2023,45929
814,2022,31687
814,2024,22320
815,2024,85685
815,2022,24315
815,2023,34443
816,2024,20925
816,2023,39167
816,2022,2559
817,2024,12346
817,2023,65467
817,2022,97964
818,2022,9387
818,2024,46770
818,2023,21675
819,2022,52950
819,2024,28768
819,2023,39477
820,2023,11487
820,2022,48357
821,2022,40159
821,2024,8192
821,2023,26143
822,2023,110555
822,2024,918
823,2023,66271
823,2022,101256
823,2024,20800
824,2023,52820
824,2024,5215
824,2022,9652
826,2023,58032
826,2022,22062
826,2024,10530
828,2022,38999
828,2023,1407
829,2022,34061
829,2023,51754
829,2024,64908
830,2024,55741
830,2022,53329
830,2023,64120
831,2022,18666
831,2023,17866
831,2024,17459
832,2023,26992
832,2022,66393
834,2023,32473
834,2024,1176
834,2022,16992
835,2024,3261
835,2023,29673
835,2022,42730
836,2023,138176
837,2023,56262
837,2022,74103
837,2024,12397
838,2024,64030
838,2023,35298
838,2022,27238
839,2022,48210
839,2024,10726
839,2023,103067
840,2023,29243
840,2024,74727
840,2022,8456
841,2024,21861
841,2023,63814
841,2022,31489
845,2024,33460
845,2022,63084
845,2023,49739
847,2023,17590
847,2022,8268
854,2024,12617
854,2023,20119
854,2022,3541
855,2022,63544
855,2023,31300
856,2022,25905
856,2023,80772
857,2024,30856
857,2023,25700
857,2022,10827
858,2022,27945
858,2023,25236
859,2023,75433
859,2022,24851
860,2023,39321
861,2023,64570
861,2022,93574
862,2022,44191
862,2023,18490
863,2022,18714
863,2023,15119
864,2023,36677
864,2022,24700
865,2023,87820
865,2024,9480
865,2022,45434
866,2022,25102
866,2023,122394
867,2023,51154
867,2022,19542
868,2022,21695
868,2023,61511
868,2024,30736
869,2024,10968
869,2023,91273
869,2022,59843
871,2023,101792
871,2024,8264
871,2022,24239
873,2023,136022
873,2022,22205
873,2024,19243
875,2022,19697
875,2023,118630
876,2023,72363
876,2024,19110
876,2022,65072
877,2024,23620
877,2022,4907
877,2023,33372
878,2024,1755
878,2023,47772
879,2023,20611
879,2022,28353
880,2023,60532
880,2022,5394
880,2024,1638
881,2022,19179
881,2023,58050
881,2024,37433
882,2022,37081
882,2023,28101
883,2024,45724
883,2023,64661
883,2022,49305
884,2023,52623
884,2022,44004
884,2024,10125
886,2023,73671
886,2022,57390
886,2024,11590
887,2022,21200
887,2023,46461
887,2024,615
888,2022,19421
888,2023,20743
889,2022,41532
889,2023,4164
889,2024,11900
890,2022,53853
890,2023,61956
891,2022,22466
891,2023,57815
892,2023,22156
892,2024,804
892,2022,49674
893,2022,15485
893,2024,66440
893,2023,29336
894,2023,48483
894,2024,30968
894,2022,68465
895,2023,44982
895,2022,113150
896,2023,25780
896,2022,23030
897,2023,64902
897,2022,31586
897,2024,945
898,2023,57466
898,2024,29528
898,2022,61103
899,2023,36163
899,2022,24527
899,2024,19533
900,2023,9666
900,2022,26680
901,2023,103103
901,2024,24552
901,2022,58870
902,2022,9896
902,2023,54601
903,2023,44329
903,2022,13280
904,2023,59117
904,2022,38287
904,2024,2206
905,2022,29005
905,2023,82515
907,2022,58303
907,2024,45786
907,2023,23268
908,2024,900
908,2023,43122
908,2022,23041
909,2022,86898
909,2023,46581
912,2023,104961
912,2024,37164
912,2022,13624
913,2022,97277
913,2023,137556
914,2022,56672
914,2023,16141
914,2024,8873
915,2022,40008
915,2023,68542
916,2022,114279
916,2024,32018
916,2023,137706
917,2022,15119
917,2023,39080
917,2024,796
918,2023,92381
918,2022,54608
919,2023,31406
919,2022,55762
919,2024,7630
920,2022,38122
920,2023,104298
920,2024,9603
921,2024,17565
921,2023,71406
921,2022,32600
922,2024,208
922,2023,33395
922,2022,22616
923,2024,16665
923,2023,53173
923,2022,4988
925,2024,45240
925,2022,46226
926,2023,58411
926,2024,3842
927,2023,66596
927,2022,76536
928,2023,70209
928,2024,15392
929,2023,44318
929,2022,1350
930,2022,49591
930,2023,72708
930,2024,17696
931,2024,50378
931,2023,60575
931,2022,29175
932,2023,59332
932,2022,25069
933,2023,19192
933,2022,11399
933,2024,20140
934,2022,97266
934,2023,52632
935,2024,22833
935,2022,18204
935,2023,47645
936,2022,23245
936,2024,14128
936,2023,27471
937,2022,25052
937,2023,55705
937,2024,3135
938,2023,24998
938,2022,27129
940,2024,16005
940,2022,32274
940,2023,25557
941,2024,28434
941,2023,57356
941,2022,3384
942,2024,19551
942,2023,107377
942,2022,11493
943,2022,6906
943,2023,47403
943,2024,1902
945,2022,28622
946,2023,50688
946,2024,53846
946,2022,5048
947,2022,29660
947,2023,77254
948,2023,39155
948,2022,63174
948,2024,5672
949,2023,12948
949,2022,32104
949,2024,25829
950,2022,24135
950,2023,21360
950,2024,42016
953,2024,93003
953,2023,62468
954,2024,29896
954,2022,10597
954,2023,61503
955,2024,23592
955,2022,3600
955,2023,3782
956,2023,52397
956,2024,38895
956,2022,24110
957,2023,22560
957,2022,15877
958,2023,25258
958,2022,33579
958,2024,10044
959,2022,24271
959,2023,87976
961,2024,2170
961,2023,57766
961,2022,46250
962,2022,59824
962,2023,467
963,2022,21312
963,2024,16299
963,2023,52587
964,2023,29827
964,2024,2626
964,2022,11680
965,2022,54365
965,2024,42727
965,2023,83704
966,2023,40215
966,2022,18576
967,2023,87703
967,2022,55891
968,2022,6612
968,2023,31997
969,2022,53786
969,2023,54018
970,2023,42604
970,2022,19218
971,2022,78938
971,2023,16299
972,2022,48081
972,2023,55538
972,2024,22392
973,2023,54836
973,2024,1106
973,2022,43170
974,2023,16873
974,2024,34456
974,2022,1536
975,2024,3376
975,2022,58245
975,2023,57463
976,2022,40670
976,2023,33716
977,2022,73404
977,2023,19982
978,2023,44398
978,2022,33984
980,2022,35982
980,2024,39080
980,2023,67440
981,2022,25538
981,2023,66503
982,2023,63755
982,2022,7639
983,2022,5458
983,2023,73251
983,2024,3876
984,2024,2274
984,2022,39726
984,2023,48195
985,2022,79986
985,2023,65816
986,2022,36380
986,2023,66245
987,2022,38359
987,2023,95765
987,2024,26554
988,2024,48070
988,2022,93190
988,2023,17595
989,2022,92155
989,2023,25087
989,2024,10422
990,2023,49075
990,2022,26132
990,2024,2050
991,2024,22572
991,2023,7697
991,2022,8280
992,2024,42897
992,2023,72290
992,2022,33976
993,2022,23026
993,2023,58304
993,2024,15615
994,2022,19530
995,2024,7189
995,2022,83187
995,2023,41190
996,2022,30584
996,2023,26754
997,2023,12291
997,2022,32993
998,2023,36156
998,2022,25489
998,2024,20615
999,2022,34047
999,2024,8057
999,2023,68185
1000,2022,24042
1000,2023,16708
1001,2023,19555
1001,2022,2856
1001,2024,1802
1002,2024,16640
1002,2023,30686
1003,2022,39865
1003,2024,2070
1003,2023,93658
1004,2024,38892
1004,2023,53928
1004,2022,10224
1005,2022,27920
1005,2023,119306
1006,2023,55609
1006,2022,59367
1007,2022,30059
1007,2024,17654
1007,2023,46307
1008,2022,27074
1008,2024,21096
1008,2023,98952
1009,2023,45070
1009,2022,51157
1010,2023,585
1010,2022,69567
1010,2024,6834
1011,2022,19296
1011,2023,64360
1011,2024,13454
1012,2022,2170
1012,2024,43740
1012,2023,27222
1013,2023,96961
1013,2024,33753
1013,2022,1083
1014,2023,130553
1014,2022,85743
1014,2024,37920
1015,2024,27620
1015,2023,28225
1015,2022,112551
1016,2024,48098
1016,2023,27762
1016,2022,77450
1017,2022,45196
1017,2023,4586
1017,2024,1206
1018,2022,66615
1018,2023,10183
1019,2023,31990
1019,2022,55448
1020,2023,96594
1020,2022,3015
1020,2024,22496
1021,2023,120668
1021,2022,121609
1021,2024,9856
1022,2023,31532
1022,2024,6700
1022,2022,13201
1023,2023,28069
1023,2022,38306
1023,2024,22572
1024,2023,44911
1024,2024,3040
1025,2022,98850
1025,2024,22449
1025,2023,34994
1026,2024,19163
1026,2023,113548
1026,2022,54236
1027,2023,68165
1027,2024,35694
1027,2022,12848
1028,2022,18914
1028,2023,56985
1028,2024,20615
1029,2022,19758
1029,2023,49130
1029,2024,2412
1030,2024,28707
1030,2023,84095
1030,2022,56022
1031,2022,14047
1031,2023,5299
1031,2024,21294
1032,2023,102554
1032,2022,72252
1033,2022,46971
1033,2024,62840
1033,2023,25529
1034,2024,1030
1034,2022,22284
1034,2023,17556
1035,2022,73659
1035,2023,80644
1035,2024,15345
1036,2022,35811
1036,2023,47100
1037,2023,58436
1037,2022,63178
1037,2024,46710
1038,2022,61502
1038,2023,33745
1039,2024,3489
1039,2023,19515
1040,2023,114273
1040,2022,1104
1040,2024,206
1041,2023,83276
1041,2022,26398
1041,2024,2484
1042,2022,36009
1042,2024,9935
1042,2023,84741
1043,2023,45238
1043,2022,21020
1043,2024,52753
1044,2022,19728
1044,2023,27157
1044,2024,3255
1045,2024,4342
1045,2022,38550
1045,2023,64538
1046,2022,80934
1046,2024,10476
1046,2023,7828
1047,2023,39636
1047,2022,26495
1047,2024,18998
1048,2023,54307
1048,2022,50323
1048,2024,31916
1051,2024,38690
1051,2023,93879
1051,2022,17286
1054,2023,8556
1054,2022,9108
1055,2023,37024
1055,2022,38326
1056,2023,33579
1056,2022,20718
1056,2024,7602
1057,2023,53619
1057,2022,29428
1058,2023,10547
1058,2022,41335
1059,2022,52215
1059,2023,57615
1059,2024,41174
1060,2022,92268
1060,2024,31650
1060,2023,79870
1062,2022,73513
1062,2024,32322
1062,2023,65585
1063,2022,9168
1063,2023,52135
1064,2024,46493
1064,2023,47585
1064,2022,8794
1065,2023,4950
1065,2022,57527
1066,2022,17014
1066,2023,58397
1068,2024,59785
1068,2023,36780
1068,2022,20464
1069,2023,95012
1069,2024,7702
1069,2022,34268
1070,2024,40120
1070,2023,109603
1070,2022,18620
1071,2023,71792
1071,2024,17376
1071,2022,13551
1074,2022,84603
1074,2023,7582
1075,2023,53862
1075,2024,14963
1075,2022,19364
1076,2022,16199
1076,2023,91405
1078,2022,16053
1078,2023,25420
1078,2024,12537
1079,2022,9792
1079,2024,20084
1079,2023,14037
1080,2024,50040
1080,2023,38836
1080,2022,105903
1081,2023,101755
1081,2022,37200
1082,2023,34080
1082,2022,55645
1083,2023,18525
1083,2022,201
1084,2022,119724
1084,2023,36564
1084,2024,1957
1085,2023,61486
1085,2022,10850
1087,2023,59664
1087,2024,15190
1088,2023,29386
1088,2022,40954
1088,2024,20445
1089,2022,34501
1089,2024,12429
1089,2023,32893
1090,2023,161556
1090,2022,15384
1090,2024,30706
1091,2024,13764
1091,2023,16068
1091,2022,39004
1092,2024,3294
1092,2022,73351
1092,2023,3472
1093,2022,45603
1093,2023,79912
1094,2023,70652
1095,2023,37711
1096,2023,804
1096,2024,22017
1096,2022,13155
1097,2022,107252
1097,2023,40180
1098,2023,58450
1099,2023,48868
1099,2022,16530
1099,2024,180
1100,2022,30000
1100,2023,81805
1101,2023,58587
1101,2022,28256
1101,2024,1066
1102,2023,62441
1102,2022,43104
1102,2024,44422
1103,2022,22421
1103,2023,71392
1104,2022,20050
1104,2023,60317
1105,2022,59002
1105,2023,38098
1106,2022,40118
1106,2023,15244
1107,2023,37866
1107,2022,10410
1108,2022,41488
1108,2023,36054
1109,2023,33881
1109,2022,73786
1109,2024,1157
1110,2023,47395
1110,2024,64306
1110,2022,52703
1111,2023,103752
1111,2024,13351
1111,2022,5775
1112,2023,31478
1112,2022,28194
1113,2023,84058
1113,2022,69575
1113,2024,22059
1114,2023,181416
1114,2024,29796
1114,2022,67177
1115,2023,56505
1115,2022,96871
1116,2023,16954
1116,2022,35296
1117,2023,37239
1117,2022,30567
1117,2024,37360
1118,2024,25870
1118,2022,25281
1118,2023,55747
1119,2023,67879
1119,2022,36057
1119,2024,4156
1120,2022,26186
1120,2023,31730
1121,2024,21071
1121,2022,27718
1121,2023,58753
1122,2022,113444
1122,2024,13472
1122,2023,94451
1123,2024,4292
1123,2022,21249
1123,2023,65698
1124,2022,9243
1124,2023,83952
1125,2023,31617
1125,2022,49226
1125,2024,9585
1127,2023,32034
1127,2022,135798
1128,2024,22916
1128,2022,54730
1128,2023,19440
1129,2022,49324
1129,2024,832
1129,2023,21006
1131,2024,20820
1131,2022,55566
1131,2023,69183
1132,2022,36409
1132,2024,6444
1132,2023,34652
1134,2023,81313
1134,2022,19410
1135,2022,33777
1135,2023,93794
1136,2022,64338
1136,2023,51776
1136,2024,15067
1137,2023,64473
1137,2022,38664
1138,2023,42804
1138,2022,19188
1139,2023,53371
1139,2022,28640
1139,2024,39518
1140,2023,38335
1140,2022,38624
1141,2023,88168
1141,2024,52282
1141,2022,7526
1143,2023,56289
1143,2022,52750
1144,2023,43284
1144,2024,60379
1144,2022,9531
1145,2023,61484
1145,2022,69391
1145,2024,3756
1146,2022,41380
1146,2023,37620
1146,2024,34284
1147,2022,18535
1147,2023,2088
1148,2022,18894
1148,2024,10768
1148,2023,47728
1149,2023,13741
1149,2022,28991
1150,2022,56225
1150,2023,47307
1150,2024,21720
1151,2023,26268
1151,2024,1383
1151,2022,79709
1152,2023,32535
1152,2022,31427
1152,2024,13055
1153,2024,16598
1153,2023,75758
1153,2022,40992
1154,2023,28798
1154,2022,35727
1155,2024,22152
1155,2022,38830
1155,2023,1260
1156,2022,53430
1156,2024,16095
1156,2023,48476
1157,2022,11692
1157,2023,17877
1158,2024,13788
1158,2023,38786
1158,2022,13936
1159,2024,11214
1159,2023,44007
1159,2022,28907
1160,2022,67948
1160,2023,30656
1160,2024,2646
1161,2022,18375
1161,2023,32043
1162,2024,6905
1162,2022,39197
1162,2023,135456
1163,2023,23241
1163,2022,2040
1164,2023,42966
1164,2022,171619
1165,2023,10272
1165,2024,7266
1165,2022,75061
1166,2022,44763
1166,2024,351
1166,2023,22217
1167,2023,58773
1167,2022,62878
1168,2023,111118
1168,2024,1226
1168,2022,43525
1169,2023,51764
1169,2022,72100
1170,2022,18776
1170,2023,1146
1171,2024,23761
1171,2023,39016
1171,2022,50588
1172,2022,37873
1172,2024,25820
1172,2023,132822
1173,2022,56498
1173,2023,11226
1177,2023,87579
1177,2022,15435
1177,2024,20895
1178,2023,95325
1178,2022,70805
1178,2024,2712
1179,2022,24244
1179,2024,796
1179,2023,49464
1180,2024,5260
1180,2022,71990
1181,2022,15802
1181,2023,47210
1181,2024,936
1182,2024,16586
1182,2023,17387
1182,2022,20970
1183,2023,65355
1183,2022,77430
1185,2022,20519
1185,2023,86735
1185,2024,12144
1187,2022,3192
1187,2023,23327
1187,2024,3376
1189,2024,18393
1189,2022,23102
1189,2023,33482
1191,2022,36344
1191,2023,68512
1192,2023,69510
1192,2022,21312
1193,2023,40309
1193,2022,60305
1193,2024,12359
1194,2023,64763
1194,2024,8286
1194,2022,55123
1195,2023,10346
1195,2022,89426
1196,2024,18498
1196,2022,78024
1196,2023,64496
1197,2023,58166
1197,2024,34134
1197,2022,89099
1198,2024,20824
1198,2022,64818
1198,2023,42175
1199,2023,70168
1199,2022,33132
1200,2024,18683
1200,2023,39649
1200,2022,45374
1201,2024,9176
1201,2023,26055
1201,2022,44141
1202,2024,20128
1202,2022,27367
1202,2023,133906
1203,2023,30852
1203,2022,22923
1204,2023,20450
1204,2022,75397
1206,2022,53026
1206,2024,13299
1206,2023,25530
1207,2022,14273
1207,2024,12267
1207,2023,18479
1208,2024,33705
1208,2022,40691
1208,2023,19554
1210,2024,8680
1210,2023,91411
1210,2022,67486
1211,2023,30085
1211,2022,168169
1211,2024,62060
1212,2023,8576
1212,2024,61248
1212,2022,25135
1213,2023,43530
1213,2024,18330
1213,2022,118386
1214,2024,2310
1214,2022,116293
1214,2023,39704
1215,2023,59493
1215,2022,24423
1215,2024,15176
1216,2024,29880
1216,2023,78519
1216,2022,36481
1219,2022,107304
1219,2024,1115
1219,2023,5615
1220,2023,125129
1220,2024,17292
1220,2022,28022
1221,2024,48356
1221,2023,55821
1221,2022,44085
1222,2022,47718
1222,2023,17360
1222,2024,21432
1223,2023,61195
1223,2022,11900
1223,2024,16172
1224,2022,50950
1224,2023,22021
1225,2024,35242
1225,2023,34415
1225,2022,32422
1226,2023,63354
1226,2022,1714
1226,2024,3315
1227,2022,26519
1227,2023,37325
1228,2022,14820
1228,2023,29551
1228,2024,41896
1229,2023,77769
1229,2022,47938
1230,2022,39932
1230,2023,65409
1231,2023,84035
1231,2022,75421
1232,2023,46544
1232,2022,86261
1232,2024,9920
1234,2024,13817
1234,2022,39016
1234,2023,23224
1235,2023,62275
1235,2022,22005
1237,2022,41232
1237,2023,19907
1238,2023,19033
1238,2022,3438
1239,2022,32460
1239,2023,43493
1239,2024,23375
1240,2023,78273
1240,2022,51903
1240,2024,58348
1241,2023,43718
1241,2022,2584
1242,2024,4068
1242,2022,520
1242,2023,49658
1243,2023,60397
1243,2022,102293
1243,2024,7189
1244,2022,13092
1244,2024,15420
1244,2023,20366
1245,2022,17822
1245,2023,54174
1245,2024,12144
1246,2023,45629
1246,2022,32994
1247,2023,33918
1247,2024,24941
1247,2022,34613
1248,2022,64498
1248,2024,9684
1248,2023,35364
1249,2023,74396
1249,2022,28944
1250,2023,45612
1250,2022,39916
1252,2023,125871
1252,2022,30177
1253,2022,17329
1253,2024,16380
1253,2023,29812
1254,2022,17662
1254,2023,13624
1256,2022,56045
1256,2024,6948
1256,2023,99510
1258,2022,3629
1258,2023,49965
1258,2024,57704
1260,2024,15848
1260,2022,42514
1260,2023,40381
1261,2023,98016
1261,2022,10400
1262,2024,6342
1262,2023,139841
1262,2022,68487
1263,2022,31330
1263,2023,42057
1264,2023,68800
1264,2022,94428
1265,2022,75316
1265,2023,46384
1266,2022,90979
1267,2023,6833
1267,2022,58414
1268,2022,18352
1268,2024,1025
1268,2023,110558
1269,2022,35984
1269,2024,43056
1269,2023,55238
1271,2023,83837
1271,2022,103095
1272,2023,45924
1272,2022,43953
1272,2024,25928
1273,2024,39470
1273,2023,65227
1273,2022,50795
1274,2024,2280
1274,2023,46284
1274,2022,59870
1275,2022,34764
1275,2023,28920
1275,2024,6534
1276,2023,93382
1276,2024,51837
1276,2022,23380
1277,2024,79293
1277,2023,117388
1277,2022,79684
1278,2023,27626
1278,2022,97361
1279,2023,46179
1279,2024,31284
1279,2022,42850
1280,2024,8776
1280,2022,24625
1280,2023,59032
1281,2023,49948
1281,2024,43997
1281,2022,20064
1282,2023,38702
1282,2022,99878
1282,2024,7602
1283,2023,115905
1283,2024,1266
1283,2022,98146
1284,2022,40984
1284,2023,68799
1284,2024,27629
1285,2022,3383
1285,2023,33762
1286,2024,59295
1286,2023,126592
1286,2022,97456
1287,2023,51760
1287,2022,33020
1287,2024,26620
1288,2024,20385
1288,2023,57891
1288,2022,1893
1289,2022,46368
1289,2023,53228
1290,2023,84048
1290,2024,22704
1290,2022,62863
1291,2022,30608
1291,2023,50288
1291,2024,3819
1292,2023,105454
1292,2024,4960
1292,2022,40857
1293,2023,25484
1293,2022,6945
1293,2024,14174
1294,2022,94753
1294,2024,12350
1295,2024,16462
1295,2023,29935
1295,2022,2733
1296,2022,59489
1296,2023,76696
1296,2024,52930
1298,2024,24548
1298,2023,90488
1298,2022,60062
1299,2023,17511
1299,2022,9950
1300,2022,26071
1300,2024,16344
1300,2023,105739
1301,2023,22839
1301,2024,40234
1301,2022,8451
1302,2022,17648
1302,2023,49451
1303,2023,40378
1303,2022,9225
1303,2024,4214
1304,2022,14465
1304,2024,11590
1304,2023,69872
1305,2024,16644
1305,2022,26130
1305,2023,73316
1306,2023,14555
1306,2022,19470
1306,2024,1115
1307,2022,57508
1307,2023,10497
1307,2024,4760
1308,2024,21975
1308,2022,20026
1308,2023,23212
1309,2023,18590
1309,2022,21052
1310,2022,2340
1310,2023,22731
1311,2024,51585
1311,2023,63563
1311,2022,17697
1312,2024,348
1312,2023,28476
1314,2024,621
1314,2022,24933
1314,2023,46284
1315,2023,30448
1315,2022,40868
1316,2022,13530
1316,2024,4152
1316,2023,31754
1317,2024,615
1317,2023,16412
1317,2022,52294
1318,2023,28545
1318,2022,26170
1319,2023,37782
1319,2022,53410
1320,2023,24006
1320,2024,19332
1320,2022,25122
1321,2023,73524
1321,2022,34197
1323,2023,62087
1323,2024,8920
1324,2023,44860
1324,2022,8238
1325,2023,45549
1325,2024,42012
1325,2022,62625
1326,2022,63527
1326,2024,21260
1326,2023,43694
1327,2024,5920
1327,2022,72459
1327,2023,22012
1328,2022,32470
1328,2023,50729
1329,2022,2691
1329,2023,97755
1329,2024,16072
1330,2023,29198
1330,2022,20472
1331,2023,30018
1331,2024,33510
1331,2022,38068
1332,2023,28194
1332,2022,7428
1332,2024,20900
1333,2023,39320
1333,2024,9952
1334,2023,58503
1334,2022,28652
1335,2023,19015
1335,2022,35034
1336,2024,31772
1336,2023,52992
1336,2022,57112
1337,2023,65086
1337,2022,36702
1338,2022,29130
1338,2023,106464
1338,2024,11160
1339,2023,122410
1339,2022,68977
1339,2024,11980
1340,2023,81820
1340,2024,5511
1340,2022,9736
1341,2023,28291
1341,2022,8472
1341,2024,21717
1342,2022,74495
1342,2023,19002
1343,2022,44111
1343,2023,70991
1343,2024,14924
1344,2024,3120
1344,2022,11212
1344,2023,12288
1345,2022,49479
1345,2023,32152
1345,2024,22446
1347,2022,55616
1347,2023,43833
1348,2022,70979
1348,2023,22133
1349,2024,26336
1349,2022,99100
1349,2023,15053
1350,2022,37359
1350,2024,32990
1350,2023,11030
1351,2023,47602
1351,2022,21861
1352,2023,22450
1352,2024,6600
1352,2022,44847
1353,2022,48862
1353,2023,40496
1353,2024,2010
1354,2024,42220
1354,2023,60764
1355,2022,73927
1355,2024,6750
1355,2023,46592
1357,2023,55694
1357,2024,19022
1357,2022,808
1358,2022,65033
1358,2023,30555
1358,2024,71545
1359,2023,81325
1359,2024,4536
1359,2022,27712
1360,2023,80176
1360,2022,22557
1360,2024,22880
1361,2022,50272
1361,2023,103580
1362,2023,41708
1362,2022,19188
1366,2023,32348
1366,2022,43808
1366,2024,25515
1367,2024,20579
1367,2022,72072
1367,2023,75631
1369,2022,7189
1369,2024,46226
1369,2023,56949
1370,2023,47667
1370,2022,2280
1370,2024,17024
1371,2022,25748
1371,2023,104665
1372,2024,3584
1372,2022,32536
1372,2023,14727
1373,2024,22983
1373,2023,40650
1373,2022,1005
1374,2023,77596
1374,2022,32198
1375,2022,20340
1375,2023,26652
1376,2023,40678
1376,2022,56666
1377,2024,22446
1377,2022,144947
1377,2023,41305
1378,2022,49571
1378,2023,45411
1378,2024,17912
1379,2023,28338
1379,2022,89178
1380,2023,54235
1380,2022,31274
1380,2024,4376
1381,2023,26931
1381,2022,22563
1382,2022,56043
1382,2023,75096
1385,2023,53606
1385,2024,11594
1385,2022,19350
1388,2023,48551
1388,2022,37391
1390,2024,8874
1390,2022,32544
1390,2023,31630
1391,2023,82890
1391,2022,27088
1391,2024,3376
1392,2023,53224
1392,2022,20634
1393,2024,41508
1393,2023,21820
1393,2022,32810
1394,2022,41371
1394,2023,43620
1394,2024,1134
1395,2022,9782
1395,2023,22040
1396,2022,87684
1396,2023,26078
1397,2023,79387
1397,2022,56067
1398,2024,34336
1398,2022,52663
1398,2023,29079
1399,2023,105501
1399,2022,48565
1400,2023,89874
1400,2024,17776
1400,2022,42432
1402,2023,21969
1402,2024,3381
1402,2022,16464
1403,2023,98886
1403,2022,14560
1404,2023,32466
1404,2022,12310
1405,2022,21642
1405,2024,711
1405,2023,18903
1407,2023,47921
1407,2022,44085
1407,2024,1032
1408,2022,60108
1408,2023,59396
1408,2024,6924
1411,2022,13076
1411,2023,879
1411,2024,31234
1412,2023,49896
1412,2024,41492
1412,2022,28300
1413,2022,26881
1413,2023,220230
1414,2023,51608
1414,2022,57309
1415,2024,4872
1415,2023,93031
1415,2022,25238
1417,2022,66462
1417,2023,31882
1418,2022,24438
1418,2024,12520
1419,2022,32027
1419,2023,41485
1419,2024,1692
1420,2023,124978
1420,2022,41242
1421,2024,12792
1421,2022,46994
1421,2023,106240
1422,2022,63587
1422,2023,29505
1423,2023,30556
1423,2022,36852
1423,2024,17181
1424,2023,11578
1424,2022,12861
1424,2024,18040
1425,2023,29013
1425,2022,45472
1426,2023,3369
1426,2022,48279
1427,2024,603
1427,2023,64822
1428,2022,66221
1428,2023,119137
1428,2024,10008
1429,2024,20216
1429,2022,24413
1429,2023,85093
1430,2023,29551
1430,2022,16329
1430,2024,14985
1432,2023,78871
1432,2024,1986
1432,2022,35820
1433,2024,912
1433,2022,98393
1433,2023,33305
1434,2022,10860
1434,2023,19281
1435,2022,7273
1435,2023,102069
1435,2024,11620
1436,2024,47454
1436,2023,148508
1436,2022,31317
1437,2022,48579
1437,2024,23126
1437,2023,109044
1438,2024,39035
1438,2023,53057
1438,2022,22807
1439,2023,105416
1439,2022,21240
1440,2023,197301
1440,2022,18314
1440,2024,10575
1441,2024,6300
1441,2023,10635
1441,2022,39102
1442,2022,27600
1442,2023,19548
1442,2024,5915
1444,2023,81134
1444,2024,19839
1444,2022,4704
1445,2024,36381
1445,2023,53433
1445,2022,2302
1446,2024,2408
1446,2023,69204
1446,2022,67150
1447,2024,67475
1447,2022,46554
1447,2023,38316
1448,2023,46129
1448,2022,29655
1449,2024,6138
1449,2023,40534
1449,2022,9972
1450,2024,2058
1450,2023,37439
1450,2022,7020
1451,2023,35680
1451,2022,42507
1451,2024,35271
1452,2023,17341
1452,2022,31755
1453,2022,24802
1453,2023,53272
1453,2024,3507
1454,2024,603
1454,2022,13024
1454,2023,51952
1455,2022,32589
1455,2023,49552
1455,2024,54986
1456,2023,60790
1456,2024,4329
1456,2022,29263
1457,2023,52658
1457,2022,50050
1458,2022,148516
1458,2023,36427
1459,2024,2200
1459,2022,56119
1459,2023,24707
1460,2023,42507
1460,2022,64676
1460,2024,56790
1461,2022,71291
1461,2023,59583
1462,2022,20824
1462,2023,22610
1463,2024,3798
1463,2022,134044
1464,2024,62874
1464,2023,120303
1464,2022,27354
1465,2023,36995
1465,2022,40479
1466,2024,28927
1466,2023,27339
1467,2024,14964
1467,2023,33324
1467,2022,25668
1468,2023,23946
1469,2023,37648
1469,2022,102395
1470,2024,19728
1470,2022,19210
1470,2023,76697
1471,2022,33900
1471,2023,1663
1471,2024,23560
1473,2022,20898
1473,2023,69006
1474,2023,29850
1474,2022,20710
1475,2022,52424
1475,2023,24377
1475,2024,21096
1476,2023,64124
1476,2022,19336
1477,2023,54665
1477,2022,17112
1477,2024,1692
1478,2022,13486
1478,2024,15568
1478,2023,39570
1479,2022,20198
1479,2023,43136
1480,2023,64209
1480,2022,25358
1481,2024,15465
1481,2022,24042
1481,2023,63659
1482,2022,14275
1482,2023,96635
1482,2024,5445
1484,2022,40099
1484,2023,52103
1485,2022,70178
1485,2023,38904
1485,2024,6335
1486,2022,12987
1486,2023,38658
1486,2024,5300
1487,2024,17085
1487,2023,56160
1487,2022,9414
1488,2022,13928
1488,2023,73467
1489,2022,47578
1489,2024,12674
1489,2023,38564
1490,2022,73116
1490,2024,5320
1490,2023,36828
1491,2022,10958
1491,2024,24340
1491,2023,95522
1492,2022,34650
1492,2023,35787
1492,2024,32848
1493,2022,13572
1493,2024,20504
1493,2023,49236
1494,2024,2174
1494,2023,45839
1494,2022,30997
1495,2022,40758
1495,2024,30250
1495,2023,83883
1496,2022,26405
1496,2024,33178
1496,2023,37301
1497,2023,41771
1497,2024,19494
1497,2022,43690
1498,2023,66039
1498,2024,53610
1498,2022,20910
1499,2023,24440
1499,2022,14559
1500,2024,13530
1500,2022,73102
1500,2023,12716
1501,2024,16059
1501,2022,43468
1501,2023,5853
1502,2024,17953
1502,2022,29469
1502,2023,65360
1503,2023,38844
1503,2022,5898
1503,2024,117
1504,2023,50717
1504,2022,12408
1504,2024,34362
1505,2023,60364
1505,2022,18300
1506,2023,70336
1506,2022,30749
1506,2024,2448
1507,2022,53506
1507,2023,81352
1508,2024,30716
1508,2022,44316
1508,2023,51598
1509,2023,24015
1509,2022,61560
1510,2022,30583
1510,2023,61593
1510,2024,37947
1511,2022,51105
1511,2023,53556
1512,2022,18186
1512,2023,25188
1513,2023,88780
1513,2024,10230
1513,2022,73824
1514,2023,96689
1514,2022,11223
1515,2022,46460
1515,2024,36663
1516,2023,125842
1516,2022,27140
1517,2023,45058
1517,2022,31750
1518,2024,8415
1518,2023,57008
1518,2022,21037
1519,2024,61049
1519,2022,56292
1519,2023,71640
1520,2023,32535
1520,2022,24473
1521,2022,18128
1521,2023,42787
1522,2024,46356
1522,2023,33112
1522,2022,1106
1523,2024,5386
1523,2022,98508
1523,2023,41454
1524,2023,31359
1524,2024,5745
1524,2022,9288
1525,2024,7104
1525,2023,89368
1525,2022,62010
1526,2022,42866
1526,2023,62830
1527,2022,152901
1527,2023,36671
1528,2024,52550
1528,2023,84226
1528,2022,27392
1529,2023,47545
1529,2024,2691
1529,2022,44541
1530,2023,65882
1530,2022,24887
1531,2022,35488
1531,2024,2268
1531,2023,44369
1532,2022,17831
1532,2023,67062
1532,2024,2240
1533,2022,51615
1533,2023,16695
1534,2023,75295
1534,2022,31182
1535,2024,23339
1535,2023,64902
1535,2022,24736
1536,2023,4685
1536,2022,54357
1537,2023,45199
1537,2022,30912
1538,2022,14197
1538,2024,1866
1538,2023,85265
1539,2022,12782
1539,2023,38029
1540,2023,27642
1540,2022,33152
1541,2022,2000
1541,2023,26982
1543,2022,1751
1543,2024,1701
1543,2023,60266
1544,2022,21568
1544,2023,8397
1544,2024,16560
1545,2023,74836
1545,2022,59769
1545,2024,3402
1546,2023,119037
1546,2022,19110
1547,2022,51230
1547,2023,108549
1548,2024,43677
1548,2022,15968
1548,2023,38001
1549,2022,3426
1549,2023,30892
1549,2024,7188
1550,2023,25562
1550,2024,38102
1550,2022,100343
1551,2024,5418
1551,2022,6067
1551,2023,101767
1552,2022,66337
1552,2023,74839
1553,2023,93566
1553,2024,2188
1553,2022,61424
1554,2023,27279
1554,2022,49280
1554,2024,2128
1555,2024,4940
1555,2022,76887
1555,2023,7665
1556,2022,71420
1556,2024,6246
1556,2023,2880
1557,2023,39959
1557,2022,36329
1557,2024,13548
1558,2023,101374
1558,2024,24404
1558,2022,77515
1559,2023,42347
1559,2022,105008
1559,2024,3798
1560,2024,15438
1560,2022,11990
1560,2023,4080
1561,2022,48510
1561,2023,146089
1561,2024,4356
1562,2023,14760
1562,2022,22926
1562,2024,11264
1563,2023,116423
1563,2022,56119
1564,2022,13217
1564,2024,5908
1564,2023,46145
1565,2024,13365
1565,2022,27416
1565,2023,61690
1566,2023,26216
1566,2022,31813
1566,2024,8386
1567,2022,92194
1567,2023,74349
1568,2023,107446
1568,2024,9344
1568,2022,36275
1569,2023,45378
1569,2022,1112
1569,2024,900
1570,2024,41642
1570,2022,15510
1570,2023,54466
1571,2023,55514
1571,2022,5365
1571,2024,1560
1572,2023,74840
1572,2024,25384
1572,2022,61373
1573,2024,3844
1573,2023,44768
1573,2022,24883
1574,2022,2532
1574,2024,2211
1574,2023,107171
1575,2023,48326
1576,2023,82039
1576,2024,14440
1576,2022,9392
1577,2023,35160
1577,2024,61256
1577,2022,33052
1578,2023,13294
1578,2022,31341
1578,2024,15360
1579,2024,26868
1579,2022,7652
1579,2023,29570
1580,2022,14668
1580,2023,69474
1580,2024,6612
1581,2022,44589
1581,2023,53156
1581,2024,20691
1582,2022,75172
1582,2024,3393
1582,2023,143066
1583,2023,74844
1583,2024,23496
1583,2022,107990
1584,2023,107759
1584,2024,16817
1584,2022,48525
1585,2022,46234
1585,2023,42128
1586,2024,27106
1586,2022,10982
1586,2023,74674
1587,2022,14560
1587,2023,63260
1588,2023,68178
1588,2022,65875
1588,2024,18486
1589,2023,28492
1589,2022,51395
1590,2022,54328
1590,2023,71578
1590,2024,21177
1591,2023,55165
1591,2022,122408
1591,2024,380
1592,2022,48294
1592,2023,81676
1593,2023,21449
1593,2022,2158
1593,2024,19602
1594,2022,14040
1594,2023,11905
1594,2024,6542
1596,2023,960
1596,2024,13299
1596,2022,17160
1599,2023,63059
1599,2024,18688
1599,2022,26027
1602,2023,21208
1602,2022,49536
1603,2024,18409
1603,2023,35298
1603,2022,16723
1604,2023,60183
1604,2022,91138
1604,2024,1134
1605,2024,18216
1605,2022,19530
1605,2023,13640
1606,2023,40582
1606,2022,11965
1607,2023,33151
1607,2022,3745
1607,2024,35895
1608,2022,3087
1608,2024,41349
1608,2023,50404
1609,2022,162704
1609,2023,30080
1610,2022,2255
1610,2023,77995
1610,2024,3102
1611,2023,65304
1611,2022,68291
1612,2023,4675
1612,2022,20359
1612,2024,4460
1613,2022,15748
1613,2023,80288
1614,2023,72284
1614,2024,14924
1614,2022,31701
1615,2023,54726
1615,2022,5771
1616,2023,29040
1616,2022,1742
1617,2024,9272
1617,2023,61775
1617,2022,29388
1619,2023,15002
1619,2022,95523
1619,2024,16492
1623,2023,126031
1623,2022,1435
1625,2024,20976
1625,2023,76204
1625,2022,117767
1627,2023,30768
1627,2022,84220
1629,2022,51216
1629,2024,4116
1629,2023,15224
1631,2023,86399
1631,2024,20995
1631,2022,32270
1633,2024,3420
1633,2022,44190
1633,2023,57532
1635,2022,40675
1635,2023,14962
1637,2023,101455
1637,2024,6625
1637,2022,8790
1639,2024,31174
1639,2022,73973
1639,2023,56729
1641,2024,23936
1641,2023,34828
1641,2022,20549
1643,2023,55364
1643,2022,71527
1643,2024,7448
1645,2023,67479
1645,2024,21179
1645,2022,27187
1647,2022,76163
1647,2024,76186
1647,2023,65099
1649,2023,29379
1649,2024,22610
1649,2022,43082
1651,2022,6924
1651,2023,94469
1651,2024,29796
1653,2023,31290
1653,2022,96362
1653,2024,3240
1655,2022,48597
1655,2023,6612
1657,2024,26553
1657,2023,55626
1659,2022,3135
1659,2023,64476
1659,2024,2706
1661,2022,72426
1661,2023,84406
1663,2023,68758
1663,2022,9837
1665,2023,51211
1665,2022,76700
1665,2024,12978
1669,2022,20908
1669,2023,23464
1671,2024,18642
1671,2023,900
1671,2022,25300
1673,2023,68028
1673,2022,41996
1675,2023,74431
1675,2022,6420
1677,2023,79460
1677,2024,49917
1677,2022,49825
1679,2024,9152
1679,2022,37298
1679,2023,42499
1681,2022,20952
1681,2023,66608
1683,2023,127898
1683,2022,20949
1683,2024,69595
1685,2024,1462
1685,2023,126149
1685,2022,6906
1687,2023,89390
1687,2024,1590
1687,2022,32599
1689,2023,116184
1689,2024,10665
1691,2023,94758
1691,2024,16578
1691,2022,33737
1693,2022,19720
1693,2023,13630
1695,2022,702
1695,2023,5475
1695,2024,27484
1699,2024,37476
1699,2023,41657
1699,2022,33128
1701,2024,17866
1701,2023,87971
1701,2022,35770
1703,2022,7691
1703,2023,38803
1705,2023,19583
1705,2024,16058
1705,2022,16458
1707,2022,50741
1707,2024,38382
1707,2023,36239
1709,2024,16626
1709,2023,72028
1709,2022,49965
1711,2022,16420
1711,2024,19530
1711,2023,91648
1713,2022,95969
1713,2023,69369
1715,2023,4125
1715,2024,15120
1715,2022,92698
1717,2023,124231
1717,2022,20307
1719,2024,15600
1719,2023,47838
1719,2022,9352
1721,2023,22427
1721,2024,3192
1723,2022,54398
1723,2023,8858
1725,2023,24091
1725,2022,20088
1727,2023,48217
1727,2022,98734
1729,2024,11150
1729,2022,77600
1729,2023,44894
1731,2023,42217
1731,2022,18254
1731,2024,3153
1733,2022,11577
1733,2023,81713
1735,2022,44589
1735,2023,39878
1737,2024,17666
1737,2023,31447
1739,2023,46724
1739,2024,1158
1739,2022,79682
1741,2024,15756
1741,2023,58995
1741,2022,31616
1743,2023,35630
1743,2024,6812
1743,2022,42626
1745,2022,18049
1745,2023,8748
1745,2024,14840
1747,2023,79009
1747,2022,18611
1749,2024,22640
1749,2023,45577
1749,2022,3267
1751,2022,36984
1751,2023,41831
1761,2023,117517
1761,2022,38594
1761,2024,17205
1763,2023,101315
1763,2022,28382
1763,2024,39427
1765,2022,12826
1765,2023,10807
1769,2023,31596
1769,2022,33270
1769,2024,2070
1771,2022,82444
1771,2023,33676
1771,2024,20840
1773,2022,21131
1773,2023,54802
1777,2024,5640
1777,2023,83248
1779,2022,3126
1779,2023,63253
1781,2024,14709
1781,2023,69952
1781,2022,5887
1783,2022,99584
1783,2023,26080
1785,2022,79046
1785,2023,18056
1787,2023,54370
1787,2022,23475
1787,2024,1424
1789,2022,70269
1789,2024,24651
1789,2023,94423
1791,2024,1076
1791,2022,17292
1791,2023,100605
1793,2022,39449
1793,2023,64364
1795,2023,56323
1795,2022,20044
1797,2022,9848
1797,2023,90230
1799,2022,55208
1799,2024,17664
1799,2023,1774
1801,2023,27924
1801,2022,58030
1801,2024,13383
1803,2023,49117
1803,2024,68810
1805,2023,69363
1805,2022,11610
1805,2024,21962
1807,2023,74950
1807,2024,5701
1807,2022,16168
1811,2023,59294
1811,2024,520
1811,2022,8948
1813,2023,24174
1813,2024,3660
1813,2022,2646
1815,2023,37657
1815,2022,24769
1815,2024,6415
1817,2022,61189
1817,2023,23286
1817,2024,12170
1819,2022,10344
1819,2023,11650
1821,2024,10344
1821,2023,69758
1821,2022,14490
1823,2023,57077
1823,2022,24738
1825,2023,33497
1825,2024,18646
1825,2022,3123
1827,2022,3969
1827,2023,48746
1827,2024,18540
1829,2022,20609
1829,2023,34090
1829,2024,5175
1831,2023,91522
1831,2022,91028
1831,2024,3000
1833,2022,27052
1833,2023,55478
1835,2023,40671
1835,2022,27535
1835,2024,23637
1837,2024,3640
1837,2023,30474
1839,2022,32071
1839,2024,5545
1839,2023,104519
1841,2024,40083
1841,2022,54082
1841,2023,67121
1843,2023,3078
1843,2022,36907
1845,2022,37392
1845,2024,25597
1845,2023,45974
1847,2022,2160
1847,2023,27823
1847,2024,19980
1849,2023,53177
1849,2022,54748
1849,2024,14508
1851,2024,8309
1851,2023,54454
1851,2022,31789
1853,2024,208
1853,2022,52470
1853,2023,31989
1855,2022,36219
1855,2024,19973
1855,2023,20162
1857,2022,15089
1857,2023,82014
1857,2024,66824
1859,2024,43826
1859,2022,39179
1859,2023,64288
1861,2024,7242
1861,2022,1698
1861,2023,73572
1863,2022,48279
1863,2023,3164
1865,2022,90830
1865,2023,65574
1867,2022,18573
1867,2024,12089
1867,2023,98111
1869,2024,16465
1869,2022,24299
1869,2023,26196
1870,2022,24100
1870,2024,59075
1870,2023,99840
1871,2022,3421
1871,2024,18540
1871,2023,25223
1872,2023,60911
1872,2024,1696
1872,2022,44560
1873,2023,105710
1873,2022,43949
1874,2024,35012
1874,2022,39364
1874,2023,12831
1875,2023,44672
1875,2022,18884
1876,2022,18984
1876,2024,17100
1877,2023,85932
1877,2022,32310
1878,2022,18450
1878,2023,46557
1878,2024,11979
1879,2022,15190
1879,2023,13625
1879,2024,17028
1880,2022,46867
1880,2024,15585
1880,2023,41148
1881,2022,66721
1881,2023,60025
1881,2024,35497
1882,2024,68110
1882,2023,51871
1882,2022,31188
1883,2023,111478
1883,2022,31866
1883,2024,21736
1884,2022,43587
1884,2023,17540
1884,2024,4432
1886,2022,11935
1886,2024,26257
1886,2023,88212
1887,2023,21172
1887,2022,79789
1887,2024,39219
1888,2024,41062
1888,2023,24534
1888,2022,8218
1889,2022,16016
1889,2023,48100
1890,2022,35388
1890,2023,27794
1891,2022,35835
1891,2023,34485
1891,2024,9836
1892,2022,165306
1892,2023,15495
1892,2024,2300
1893,2023,57709
1893,2024,44478
1893,2022,39032
1894,2023,13377
1894,2022,29026
1895,2024,16020
1895,2023,53079
1895,2022,10487
1896,2024,3378
1896,2023,68157
1896,2022,45906
1897,2022,20022
1897,2023,23472
1897,2024,44183
1898,2023,14418
1898,2022,21290
1898,2024,14222
1899,2023,29144
1899,2022,18499
1899,2024,17205
1900,2023,41871
1900,2022,3736
1901,2022,61118
1901,2023,27446
1902,2023,97440
1902,2022,63954
1903,2024,30576
1903,2023,62442
1903,2022,57823
1904,2023,31776
1904,2022,2535
1905,2024,4080
1905,2022,5988
1905,2023,42767
1906,2022,33623
1906,2023,60570
1906,2024,15938
1907,2024,9904
1907,2023,48735
1907,2022,18978
1908,2023,20169
1908,2024,15480
1908,2022,35504
1909,2023,29987
1909,2022,67887
1910,2024,9453
1910,2022,15183
1910,2023,15185
1911,2022,52473
1911,2023,45504
1911,2024,30180
1912,2022,48931
1913,2023,24914
1913,2022,81635
1914,2023,129584
1914,2022,57155
1914,2024,11430
1915,2023,58352
1915,2024,12837
1915,2022,49222
1916,2023,10270
1916,2022,34053
1917,2023,78207
1917,2024,2484
1917,2022,68065
1918,2023,20889
1918,2022,38162
1918,2024,2380
1919,2023,58188
1919,2024,48182
1919,2022,92543
1920,2023,22680
1920,2024,9024
1920,2022,19827
1921,2023,20450
1921,2022,35674
1921,2024,720
1922,2023,47337
1922,2022,18432
1923,2023,51872
1923,2024,8784
1923,2022,204735
1924,2022,7110
1924,2023,22652
1925,2022,34511
1925,2023,86075
2001,2024,14303
2001,2023,42539
2001,2022,52533
2002,2023,66084
2002,2022,39085
2003,2024,24120
2003,2023,66192
2003,2022,57469
2004,2023,4060
2004,2022,48901
2005,2022,21342
2005,2024,5472
2005,2023,40634
2008,2023,73094
2008,2022,82094
2008,2024,10234
2009,2022,56571
2009,2024,2164
2009,2023,54720
2010,2022,49937
2010,2023,70080
2011,2023,43289
2012,2023,34334
2012,2024,22207
2012,2022,17848
2013,2022,41703
2013,2023,44574
2013,2024,11759
2014,2022,84605
2014,2023,18639
2015,2022,22591
2015,2023,4476
2015,2024,35879
2016,2022,19567
2016,2024,13986
2016,2023,131034
2017,2022,47637
2017,2023,18037
2018,2023,65589
2018,2022,51081
2018,2024,9200
2019,2023,62595
2019,2024,63214
2019,2022,36600
2020,2023,24855
2020,2022,18221
2020,2024,15774
2021,2023,2318
2021,2022,15997
2021,2024,66440
2022,2023,154155
2022,2022,55905
2022,2024,30960
2023,2023,60136
2023,2022,24356
2024,2022,15819
2024,2023,65021
2025,2024,3898
2025,2023,91577
2025,2022,73824
2026,2022,40970
2026,2023,80873
2027,2023,23069
2027,2024,15512
2027,2022,80644
2028,2022,102216
2028,2023,48759
2029,2024,19926
2029,2022,3120
2029,2023,97807
2030,2023,35040
2030,2022,50374
2030,2024,19944
2031,2024,1028
2031,2023,114130
2032,2022,41205
2032,2023,18527
2032,2024,21210
2033,2022,51244
2033,2023,57548
2033,2024,6155
2109,2023,38586
2109,2022,48650
2109,2024,17565
2110,2022,8564
2110,2023,20061
2110,2024,27406
2111,2023,85093
2111,2024,33998
2111,2022,17849
2112,2023,22615
2112,2024,30533
2112,2022,30790
2113,2022,10796
2113,2023,49482
2114,2022,44712
2114,2023,114264
2114,2024,1089
2115,2023,68100
2115,2024,68213
2115,2022,104400
2116,2023,24991
2116,2022,36674
2117,2024,6432
2117,2023,23152
2117,2022,36085
2118,2022,17400
2118,2023,56342
2119,2024,17772
2119,2023,6528
2119,2022,2244
2120,2024,25553
2120,2023,30470
2120,2022,12588
2121,2023,123904
2121,2022,50047
2122,2024,61589
2122,2023,15961
2122,2022,50115
2123,2022,6150
2123,2023,75070
2124,2024,27613
2124,2023,49913
2124,2022,37932
2125,2023,61564
2125,2022,9429
2125,2024,7950
2126,2022,29557
2126,2023,21825
2127,2023,126075
2127,2022,68403
2127,2024,8092
2128,2024,200
2128,2022,4971
2128,2023,99716
2129,2023,16639
2129,2022,12439
2130,2022,66836
2130,2023,44110
2130,2024,5745
2131,2024,33480
2131,2023,9431
2131,2022,1134
2132,2023,19488
2132,2022,101199
2133,2023,115677
2134,2022,68762
2134,2023,87606
2134,2024,2664
2135,2022,19602
2135,2023,43328
2136,2024,20967
2136,2022,42349
2136,2023,48525
2137,2022,39102
2137,2023,83174
2137,2024,28931
2138,2024,4512
2138,2022,11380
2138,2023,75546
2139,2023,14267
2139,2022,25734
2139,2024,47427
2140,2023,83655
2140,2022,6378
2140,2024,17608
2142,2024,4264
2142,2022,120220
2142,2023,111016
2143,2024,19983
2143,2022,41848
2143,2023,52967
2144,2022,30517
2144,2024,58314
2144,2023,67274
2145,2023,105658
2145,2022,13410
2145,2024,19245
2146,2022,81634
2146,2023,75128
2147,2022,40804
2147,2023,27340
2147,2024,2137
2148,2023,16670
2148,2022,83821
2148,2024,24064
2149,2024,2071
2149,2023,175617
2149,2022,133183
2150,2022,47594
2150,2024,6412
2150,2023,22249
2151,2022,63796
2151,2024,30716
2151,2023,27852
2152,2023,99838
2152,2022,59562
2153,2024,11869
2153,2022,28173
2153,2023,39428
2154,2023,36992
2154,2022,40779
2155,2022,113424
2155,2023,9480
2155,2024,4203
2156,2023,33081
2156,2022,3984
2157,2024,6004
2157,2022,58277
2157,2023,58098
2158,2023,21452
2158,2022,77749
2158,2024,6858
2159,2022,50559
2159,2024,10725
2159,2023,38738
2160,2022,94082
2160,2023,93546
2161,2024,17856
2161,2023,38617
2161,2022,67848
2162,2022,50691
2162,2023,89322
2162,2024,10730
2163,2022,28530
2163,2023,41237
2163,2024,20712
2164,2023,38984
2164,2022,33631
2165,2023,33585
2165,2024,24228
2165,2022,7994
2166,2023,66042
2166,2022,30400
2167,2024,16692
2167,2022,38582
2167,2023,52360
2168,2022,2058
2168,2023,48288
2169,2022,21928
2169,2023,41035
2169,2024,3648
2170,2023,22178
2170,2022,13140
2170,2024,9588
2171,2023,67116
2171,2022,38751
2171,2024,6294
2172,2023,91332
2172,2024,31382
2172,2022,31808
2173,2023,83397
2173,2022,24678
2174,2022,83774
2174,2023,78911
2174,2024,18246
2175,2022,15187
2175,2023,19548
2176,2022,38212
2176,2023,102554
2176,2024,204
2177,2023,41243
2177,2022,14927
2177,2024,17493
2178,2022,25608
2178,2024,9135
2178,2023,37748
2179,2023,18076
2179,2022,4316
2179,2024,21390
2180,2022,9054
2180,2023,160330
2180,2024,26188
2181,2023,112090
2181,2022,69385
2182,2022,81089
2182,2023,21740
2183,2024,14399
2183,2023,52115
2183,2022,37266
2184,2023,31420
2184,2022,94698
2185,2022,25831
2185,2023,28041
2186,2022,70708
2186,2023,28616
2186,2024,7332
2187,2022,33049
2187,2023,79354
2187,2024,1111
2188,2022,6066
2188,2024,17355
2188,2023,45458
2189,2024,108764
2189,2023,58668
2189,2022,22100
2190,2023,68337
2190,2024,14294
2190,2022,49082
2191,2023,57206
2191,2022,190
2191,2024,2452
2192,2023,52301
2192,2022,44263
2193,2022,42468
2194,2022,24329
2194,2023,42374
2194,2024,3521
2195,2024,22200
2195,2023,34831
2195,2022,72913
2196,2023,36256
2196,2022,3561
2197,2022,36200
2197,2023,51860
2198,2022,53796
2198,2023,35257
2198,2024,22933
2199,2023,23643
2199,2022,39251
2199,2024,85089
2200,2022,43472
2200,2023,81182
2200,2024,4604
2201,2023,27118
2201,2022,43372
2201,2024,14883
2202,2022,118947
2202,2023,37338
2202,2024,12276
2203,2023,48807
2203,2022,56675
2204,2023,84532
2204,2024,17832
2204,2022,48539
2205,2023,65806
2205,2022,66252
2206,2024,1608
2206,2022,27873
2206,2023,55674
2207,2023,29987
2207,2022,11951
2207,2024,15848
2208,2022,57902
2208,2024,29866
2208,2023,45398
2209,2024,4900
2209,2023,51614
2209,2022,1099
2210,2023,64242
2210,2024,51121
2211,2023,36102
2211,2024,23320
2211,2022,52149
2212,2023,35968
2212,2024,51997
2212,2022,71012
2213,2022,101460
2213,2023,37949
2214,2024,54968
2214,2023,79360
2214,2022,16556
2215,2024,8280
2215,2023,108992
2215,2022,59352
2216,2023,41729
2216,2022,24500
2216,2024,21672
2217,2024,17792
2217,2022,27340
2217,2023,123239
2218,2023,75722
2218,2022,28965
2219,2023,41618
2219,2022,40176
2220,2024,89596
2220,2023,19506
2220,2022,32242
2221,2022,54397
2221,2023,3089
2222,2023,44505
2222,2022,6582
2223,2023,44862
2223,2022,20790
2224,2023,65455
2224,2022,54262
2224,2024,4760
2225,2023,75735
2225,2022,46255
2226,2022,7916
2226,2023,31671
2226,2024,945
2227,2023,54129
2227,2024,16920
2227,2022,43057
2228,2024,17244
2228,2023,78835
2229,2023,39112
2229,2022,53290
2230,2023,34696
2230,2022,46951
2230,2024,11870
2231,2023,31810
2231,2022,74139
2232,2023,57171
2232,2022,34697
2233,2022,131062
2233,2024,40143
2233,2023,46546
2234,2024,26092
2234,2023,82878
2234,2022,40421
2235,2022,29885
2235,2024,5550
2235,2023,21782
2236,2022,9318
2236,2023,126810
2236,2024,23904
2237,2022,24048
2237,2023,3678
2237,2024,21920
2238,2024,5430
2238,2023,28394
2238,2022,47055
2239,2023,45780
2239,2022,43220
2240,2023,48543
2240,2022,1896
2240,2024,9909
2241,2022,37395
2241,2023,36010
2241,2024,11792
2242,2023,46156
2242,2022,38729
2243,2023,51647
2243,2024,10656
2243,2022,8505
2244,2022,32289
2244,2023,49139
2245,2022,92418
2245,2023,84763
2246,2023,65780
2246,2022,22197
2246,2024,11028
2247,2022,25044
2247,2023,205
2247,2024,19754
2248,2023,78888
2248,2024,23396
2248,2022,48157
2249,2023,25762
2249,2022,57100
2249,2024,69888
2250,2022,43098
2250,2023,45014
2250,2024,44446
2251,2023,77307
2251,2022,50028
2251,2024,12408
2252,2023,59512
2252,2022,29715
2252,2024,13087
2253,2023,45558
2253,2022,48843
2253,2024,26316
2254,2022,96597
2254,2023,53438
2255,2023,85666
2255,2022,85310
2255,2024,29412
2256,2024,20880
2256,2023,55540
2256,2022,21490
2257,2023,61161
2257,2022,115883
2257,2024,11429
2258,2022,170604
2258,2023,84051
2259,2023,40350
2259,2022,36751
2260,2023,152168
2260,2022,85659
2261,2023,22990
2261,2022,36467
2262,2023,107246
2262,2022,24746
2262,2024,33680
2263,2023,82700
2263,2024,17884
2263,2022,110657
2264,2023,30556
2264,2024,820
2264,2022,8519
2265,2022,3819
2265,2024,11150
2265,2023,29033
2266,2022,53499
2266,2023,49700
2267,2024,30501
2267,2023,91761
2267,2022,13563
2268,2022,30228
2268,2023,37892
2269,2022,38116
2269,2024,16352
2269,2023,23347
2270,2023,18321
2270,2022,29422
2271,2023,100220
2271,2022,57598
2272,2023,43051
2272,2022,31486
2273,2023,71258
2273,2022,123002
2277,2023,17579
2277,2022,93341
2278,2023,191734
2278,2022,20090
2279,2022,27390
2279,2023,91760
2280,2024,22045
2280,2022,45974
2280,2023,48069
2281,2023,59892
2281,2022,4308
2281,2024,19737
2282,2024,36929
2282,2023,82427
2282,2022,66061
2283,2024,1194
2283,2023,29546
2283,2022,10836
2284,2023,9240
2284,2022,62933
2284,2024,16275
2285,2022,63123
2285,2023,38220
2285,2024,17103
2286,2023,41738
2286,2022,60838
2286,2024,1337
2287,2023,99141
2287,2022,110746
2287,2024,3521
2288,2022,81847
2288,2023,22370
2289,2023,73056
2289,2022,17063
2289,2024,3705
2290,2023,51493
2290,2022,5875
2291,2022,59834
2291,2024,3780
2291,2023,34681
2292,2022,30688
2292,2023,47490
2293,2023,27273
2293,2024,19494
2293,2022,73819
2294,2022,28698
2294,2023,60903
2296,2022,24391
2296,2023,109896
2297,2024,30335
2297,2022,63639
2297,2023,23380
2298,2022,22051
2298,2024,15436
2298,2023,83061
2299,2023,21328
2299,2022,31005
2299,2024,13810
2300,2023,160121
2300,2024,40119
2300,2022,32747
2301,2022,82690
2301,2024,17300
2301,2023,10072
2302,2024,12222
2302,2022,18669
2302,2023,11954
2304,2023,76992
2304,2022,64468
2305,2024,44478
2305,2023,22788
2305,2022,39202
2306,2022,48440
2306,2023,27019
2306,2024,37749
2307,2022,40216
2307,2023,48177
2307,2024,23268
2308,2023,130503
2308,2022,6271
2309,2023,48980
2309,2022,7766
2310,2024,36762
2310,2023,40181
2311,2023,21716
2311,2022,86829
2311,2024,12100
2312,2024,27958
2312,2022,30263
2312,2023,114857
2313,2022,24892
2313,2024,36454
2313,2023,22392
2314,2022,46408
2314,2023,36383
2314,2024,18414
2315,2022,22077
2315,2023,40303
2316,2023,61096
2317,2022,81887
2317,2023,2502
2318,2023,45298
2318,2024,21085
2318,2022,31840
2319,2023,44090
2319,2022,57732
2320,2023,2960
2320,2024,2204
2320,2022,15596
